counter_id,category,oznaka_ceste,naziv,od,do,length_km,lat,lon
5333,LC,LCner.,Srima,DC8,DC8,5.0,,
3037,LC,LCner.,Ogulin,DC42,DC42,1.6,,
2823,AC,AC7,Rujevica - zapad,AC8,DC427,6.0,,
5435,LC,LC67065,Solin Donja Strana,DC8,ŽC6253,3.4,,
5533,LC,LC67075,Klis Kosa,ŽC6253,ŽC6253,7.6,,
5534,LC,LC67076,Podi,DC56,ŽC6260,5.9,,
2014,LC,LCner.,Velika Mlaka,V. Mlaka,V. Gorica,2.0,,
6109,LC,LC69012,Krvavac,LC69013,ŽC6220,1.8,43.04085,17.6342
6108,LC,LC69010,Opuzen,DC8,ŽC6219,2.3,43.01317,17.54983
5924,LC,LC67194,Pitve,LC67190,DC116,1.8,43.15632,16.68077
5531,LC,LC67040,Sinj - jugoistok,DC1,ŽC6289,8.2,43.69792,16.66028
5530,LC,LC67029,Zelovo,LC67010,DC1,6.6,43.76092,16.59753
5434,LC,LC67020,Trolokve,ŽC6112,LC67056,5.8,43.63518,16.25042
5331,LC,LC65076,Draga,ŽC6127,LC65075,4.2,43.6003,15.9704
5334,LC,LC65075,Primošten,DC8,LC65076,2.4,43.58697,15.9356
5429,LC,LC65050,Drniš - istok,LC65051,DC33,0.3,43.8604,16.15888
5009,LC,LC65011,Knin,ŽC6080,LC65010,1.0,44.05188,16.21325
5201,LC,LC63176,Biograd,DC503,ŽC6063,3.2,43.93377,15.45393
4832,LC,LC63104,Debeljak,ŽC6041,ŽC6040,2.1,,
5008,LC,LC63013,Kruškovače,ŽC5203,Gr. BiH,9.7,44.37532,16.1345
4701,LC,LC63003,Kolan,LC63002,LC63004,2.6,,
4109,LC,LC59077,Caska,DC106,Metajna,10.6,44.55475,14.91132
4901,DC,DC1,Mutilić (Udbina),ŽC5195,LC59117,7.9,44.496942,15.763978
4304,DC,DC1,Jošan,LC59064,ŽC5195,12.3,44.580312,15.744271
4309,DC,DC1,Korenica,DC52,LC59045,2.4,44.763316,15.691754
4302,DC,DC1,Prijeboj - jug,DC429,LC59045,7.9,44.82998,15.67352
4308,DC,DC1,Prijeboj - sjeveroistok,LC59027,DC429,9.3,44.842105,15.674561
4313,DC,DC1,Sadilovac,LC34160,LC59136,6.7,44.92992,15.70092
3106,DC,DC1,Slunj,LC34140,ŽC3258,4.7,45.125623,15.574179
3105,DC,DC1,Blagaj,LC34120,LC34140,11.4,45.222804,15.55605
3101,DC,DC1,Tušilović,DC3,DC6,14.5,45.40067,15.613074
3126,DC,DC1,Turanj obilaznica,DC552,DC6,12.2,45.45197,15.58553
3114,DC,DC1,Karlovac,DC228,DC3,3.9,,
1954,DC,DC1,Lug - jug,ŽC3146,DC228,5.7,45.54327,15.56995
1928,DC,DC1,Izimje,ŽC3102,LC31136,2.5,45.63189,15.608176
1929,DC,DC1,Klinča Sela,DC543,LC31143,1.7,45.690829,15.733237
1935,DC,DC1,Gornji Stupnik,LC31102,ŽC3061,1.9,45.754815,15.822892
1937,DC,DC1,Pojatno,ŽC3036,ŽC2262,4.0,45.90432,15.81248
1244,DC,DC2,Trnovec Bartolovečki,ŽC2053,LC25082,1.8,46.297936,16.420761
1210,DC,DC2,Varaždin - jug,DC528,DC3,4.9,,
1266,DC,DC2,Poljana Biškupečka,ŽC2050,DC528,4.2,46.2684,16.34303
1235,DC,DC2,Hrašćica,ŽC2037,DC35,6.8,46.315776,16.291403
1208,DC,DC2,Majerje,ŽC2046,ŽC2037,2.5,46.33703,16.2524
1203,DC,DC2,Dubrava Križovljanska,LC25001,ŽC2027,1.6,46.379808,16.063727
5441,DC,DC1,Dračevac,DC56,DC8,8.7,,
5523,DC,DC1,Dugopolje,AC1,DC56,3.6,,
5526,DC,DC1,Dicmo,ŽC6119,ŽC6120,0.9,43.641,16.599405
5504,DC,DC1,Brnaze,DC60,LC67041,1.7,43.679316,16.649053
5524,DC,DC1,Sinj,ŽC6118,DC219,3.3,43.720748,16.641355
5418,DC,DC1,Kijevo,LC65013,LC65016,2.7,43.983669,16.352127
5010,DC,DC1,Stara Straža,DC59,LC65004,2.3,44.05843,16.16937
5002,DC,DC1,Pađene,LC65008,DC59,3.2,44.056366,16.146651
4907,DC,DC1,Gračac - istok,DC27,LC63033,3.4,44.298884,15.863217
4929,DC,DC1,Gračac - sjever,LC63032,DC27,2.1,,
2406,DC,DC2,Bizovac - zapad,ŽC4067,ŽC4060,0.4,45.59166,18.4573
2407,DC,DC2,Našice,LC44044,LC44045,1.7,45.525098,18.140254
3635,DC,DC2,Martin,DC53,ŽC4077,1.4,45.493136,18.080812
2408,DC,DC2,Feričanci - istok,ŽC4058,ŽC4075,2.4,,
2305,DC,DC2,Čačinci - jug,ŽC4063,LC40085,3.7,45.585871,17.887112
2307,DC,DC2,Slatina obilaznica,ŽC4296,ŽC4025,4.8,45.7225,17.6726
2302,DC,DC2,Cabuna,LC40034,LC40036,2.9,45.749072,17.589238
2203,DC,DC2,Virovitica,DC5,DC538,11.9,45.819035,17.425193
2217,DC,DC2,Pitomača - istok,ŽC4002,LC40005,5.4,45.943173,17.239203
2201,DC,DC2,Kloštar Podravski,ŽC2185,LC40001,3.6,45.9793,17.16465
1403,DC,DC2,Đurđevac,ŽC2247,LC26112,3.3,46.027616,17.074317
1405,DC,DC2,Đurđevac - zapad,LC26102,ŽC2247,4.3,,
1312,DC,DC2,Plavšinac,LC26034,LC26100,1.6,46.096874,16.928907
1323,DC,DC2,Koprivnica - jug,DC41,DC41,2.9,46.14937,16.8141
1308,DC,DC2,Ludbreg - istok,LC25187,LC25187,0.75,46.2409,16.6311
1307,DC,DC2,Ludbreg - zapad,LC25094,ŽC2075,1.9,46.261976,16.581056
2032,DC,DC3,Belovar,ŽC3010,DC29,4.6,,
2003,DC,DC3,Blažev Dol,LC31036,ŽC3016,1.2,45.93017,16.23431
1245,DC,DC3,Paka,ŽC2134,ŽC2171,2.1,46.11868,16.29383
1270,DC,DC3,Novi Marof obilaznica,ŽC2269,ŽC2136,1.9,46.17943,16.34636
1205,DC,DC3,Pušćine,DC208,LC20048,3.4,46.363663,16.369642
1256,DC,DC3,Nedelišće - centar,DC209,ŽC2015,1.9,46.3768,16.38268
1234,DC,DC3,Čakovec,DC20,DC209,6.9,46.375258,16.464133
1315,DC,DC3,Štefanec,ŽC2022,DC20,3.3,,
1339,DC,DC3,Hodošan - zapad,ŽC2034,ŽC2033,2.7,46.38503,16.63537
3809,DC,DC2,Ilok,LC46037,ŽC4200,2.1,45.214702,19.394997
3801,DC,DC2,Sotin,DC57,LC46016,14.8,45.300584,19.090856
3723,DC,DC2,Vukovar,DC55,DC57,4.3,,
3701,DC,DC2,Klisa aerodrom - sjever,LC44115,DC418,1.3,45.492108,18.813362
2523,DC,DC2,Osijek juž. obil. Bosutsko,Mandića,Vinkovačka,1.2,,
2508,DC,DC2,Osijek južna obilaznica,DC7,Mandića,2.4,,
2522,DC,DC2,Osijek juž. obil. Višnjevac,AC5,DC7,5.6,,
3411,DC,DC5,Filipovac,LC41014,DC5,2.8,45.42091,17.17589
2213,DC,DC5,Badljevina,ŽC3272,LC41002,0.4,45.51227,17.192326
2230,DC,DC5,Doljani,ŽC3170,ŽC3172,2.3,45.5825,17.22197
2206,DC,DC5,Končanica - zapad,LC37118,ŽC3138,2.3,45.641916,17.161156
2205,DC,DC5,Grubišno Polje,ŽC3094,ŽC3139,2.7,45.70023,17.16725
2215,DC,DC5,Virovitica obilaznica jug,DC2,DC2,4.2,45.834484,17.350603
2214,DC,DC5,Virovitica obilaznica sj.,DC538,DC2,6.1,45.848676,17.370312
2202,DC,DC5,Terezino Polje,LC40008,LC40009,0.75,45.937227,17.461143
2842,DC,DC3,Orehovica,AC6,DC8,2.3,45.33368,14.45792
2935,DC,DC3,Gornje Jelenje,ŽC5032,DC501,0.5,45.36429,14.624004
2905,DC,DC3,Delnice,LC58116,DC32,0.9,45.391458,14.792988
2937,DC,DC3,Skrad,LC58030,LC58102,6.5,,
3005,DC,DC3,Vrbovsko,LC58032,DC42,8.3,45.391432,15.10519
3032,DC,DC3,Lišnica,LC34065,LC34064,1.4,45.45473,15.45518
3003,DC,DC3,Duga Resa,DC1,DC23,6.7,45.459292,15.492428
2063,DC,DC3,Popovec,DC29,AC4,1.8,,
3705,DC,DC7,Vuka,ŽC4107,LC44107,2.5,45.460172,18.516707
2512,DC,DC7,Čepin,DC2,DC4247,3.5,45.545049,18.612394
2513,DC,DC7,Osijek sj. obilaznica,DC426,DC2,1.0,45.561664,18.630554
2505,DC,DC7,Čeminac - sjever,LC44010,ŽC4054,3.9,,
2503,DC,DC7,Karanac (Beli Manastir),DC520,DC212,3.7,45.75026,18.640507
2501,DC,DC7,Duboševica,GP,ŽC4011,1.0,45.886875,18.660417
3210,DC,DC6,Trgovi,ŽC3234,LC33167,1.4,45.109851,16.28114
3206,DC,DC6,Maja,LC33094,LC33196,2.5,,
3102,DC,DC6,Gvozd - zapad,LC33075,ŽC3186,0.8,45.350705,15.857179
3108,DC,DC6,Okić - zapad,DC1,DC216,10.7,,
1809,DC,DC6,Netretić,DC541,ŽC3141,1.9,,
1802,DC,DC6,Ribnik,LC34007,ŽC3140,4.2,,
1806,DC,DC6,Jurovski Brod,DC228,LC34005,0.6,45.630308,15.321817
3410,DC,DC5,Stara Gradiška,ŽC4226,ŽC4227,1.0,45.154367,17.23924
3412,DC,DC5,Okučani,ŽC4241,ŽC4158,0.8,45.257745,17.206067
3406,DC,DC5,Cage,LC42001,ŽC3252,7.5,45.29477,17.20727
4802,DC,DC8,Starigrad (Paklenica),LC63153,ŽC6008,1.5,44.286073,15.451318
4207,DC,DC8,Karlobag,DC25,LC63025,35.6,44.525497,15.077944
4218,DC,DC8,Cesarica,DC406,DC25,13.0,,
4107,DC,DC8,Prizna - sjever,LC59048,DC406,25.0,,
4105,DC,DC8,Vlaka,LC59028,LC49148,18.9,44.749404,14.904263
4102,DC,DC8,Sveti Juraj,DC23,ŽC5126,8.1,,
2929,DC,DC8,Sibinj Krmpotski,ŽC5109,LC59001,13.3,45.052764,14.872272
2928,DC,DC8,N. Vinodolski - sjever,ŽC5062,DC99,5.6,45.13573,14.76227
2923,DC,DC8,Crikvenica,ŽC5091,ŽC5091,3.1,45.185064,14.684426
2917,DC,DC8,Kostrena,LC58054,DC40,2.2,45.294186,14.530478
2809,DC,DC8,Pavlovac,DC66,DC403,10.6,,
2804,DC,DC8,Mučići,ŽC5016,LC58015,0.9,45.405158,14.305749
2801,DC,DC8,Pasjak,LC58011,AC7,3.9,45.479862,14.257832
3615,DC,DC7,Sikirevci - jug,ŽC4220,LC42049,4.3,45.086638,18.483105
3606,DC,DC7,Vrpolje,LC44138,ŽC4202,2.9,45.211314,18.404239
3634,DC,DC7,Đakovo obilaznica,DC515,AC5,0.8,45.32882,18.39227
5916,DC,DC8,Omiš - zapad,LC67120,DC70,0.7,43.44573,16.688154
5902,DC,DC8,Jesenice,ŽC6162,LC67112,2.7,43.464737,16.587021
5422,DC,DC8,Stobreč,DC410,ŽC6142,4.2,,
5423,DC,DC8,Solin,LC67065,ŽC6139,1.8,,
5438,DC,DC8,Plano,DC58,DC409,5.6,,
5407,DC,DC8,Marina,LC65078,ŽC6130,3.6,43.513627,16.104731
5325,DC,DC8,Primošten - jug,LC65075,LC65076,4.9,43.57035,15.94495
5309,DC,DC8,Grebaštica,Jasenovo,LC65075,15.6,43.643337,15.955383
5336,DC,DC8,Ražine,DC58,Ražinska Ul.,2.4,43.70322,15.90723
5308,DC,DC8,Šibenik,DC27,Ul. Kralja Zvonimira,5.0,43.7571,15.877301
5335,DC,DC8,Vodice obilaznica,ŽC6086,DC27,5.8,43.775339,15.773968
5305,DC,DC8,Pirovac,ŽC6068,DC59,2.9,43.812294,15.695817
4814,DC,DC8,Sukošan,ŽC6040,ŽC6045,7.2,,
4825,DC,DC8,Bibinje,DC424,ŽC6039,2.8,44.085508,15.283564
4810,DC,DC8,Murvica,ŽC6011,DC306,5.8,44.141606,15.315038
4925,DC,DC8,Posedarje - istok,LC63028,LC63063,3.2,,
6104,DC,DC9,Kula Norinska,LC69013,LC69012,2.2,43.034301,17.616238
6103,DC,DC9,Metković,GP,DC62,1.0,,
6604,DC,DC8,Gruda - jugoistok,ŽC6241,DC516,2.6,42.514553,18.376278
6602,DC,DC8,Kupari,LC69050,LC69050,2.7,42.622532,18.181887
6608,DC,DC8,Vidikovac,DC420,DC223,7.8,42.63443,18.1365
6601,DC,DC8,Zaton,LC69067,DC420,26.5,42.691461,18.038306
6506,DC,DC8,Doli,LC69045,LC69082,7.6,42.81003,17.8046
6512,DC,DC8,Ston obilaznica,DC416,DC8,7.4,42.82252,17.74055
6511,DC,DC8,Prapratno,DC414,DC416,10.7,42.84398,17.59947
6510,DC,DC8,Pelješki most,DC236,LC69030,6.2,42.94622,17.5372
6010,DC,DC8,Rogotin,LC69086,LC69005,0.8,43.052612,17.473999
6005,DC,DC8,Gradac,LC67205,LC67204,3.3,,
6004,DC,DC8,Živogošće,LC67198,LC67198,2.8,43.194522,17.154958
5926,DC,DC8,Baško Polje,DC76,LC67179,1.0,43.3457,16.96998
5910,DC,DC8,Brela,DC39,LC67144,4.0,43.389351,16.902886
5909,DC,DC8,Pisak,ŽC6167,LC67136,1.9,43.40367,16.84503
3008,DC,DC23,Belavići,DC3,LC34067,3.5,45.433378,15.490915
2125,DC,DC22,Trema,LC26069,ŽC2228,0.8,45.9746,16.5857
1268,DC,DC22,Orehovec,ŽC2176,ŽC2177,0.2,46.0778,16.45577
1228,DC,DC22,Vukovec,LC26148,LC26047,2.5,,
1233,DC,DC22,Možđenec,DC3,DC24,2.3,46.149692,16.3613
1324,DC,DC20,Koprivnica - sjever,LC26154,DC2,4.5,46.19973,16.84765
1340,DC,DC20,Prelog - istok,ŽC2026,LC20040,1.8,46.34068,16.63557
1305,DC,DC20,Prelog,ŽC2038,ŽC2033,5.7,,
1319,DC,DC20,Ivanovec,ŽC2022,AC4,1.7,46.353715,16.516356
1271,DC,DC14,Zlatar Bistrica - zapad,ŽC2201,DC29,6.4,,
1145,DC,DC14,Bedekovčina,ŽC2197,ŽC2198,5.4,46.01912,15.96018
1143,DC,DC14,Mokrice,DC307,ŽC2197,4.1,46.01435,15.91955
2150,DC,DC12,Haganj,DC10,DC544,11.0,,
2143,DC,DC10,Tremovački potok,DC28,DC22,11.1,,
2030,DC,DC10,Vrbovec obilaznica,ŽC3034,ŽC3079,4.8,,
2008,DC,DC10,Sveta Helena,AC4,ŽC3034,8.0,,
2111,DC,DC26,Čazma - istok,DC43,ŽC3082,7.0,,
2144,DC,DC26,Cerina,ŽC3284,DC43,4.7,45.7724,16.5738
2036,DC,DC26,Konak,DC10,LC31069,3.8,45.865016,16.454091
4209,DC,DC25,Novoselo Trnovačko,DC50,LC59123,27.6,44.518417,15.308348
4206,DC,DC25,Budak,DC50,DC534,3.7,44.57848,15.3913
4303,DC,DC25,Bunić,LC59064,LC59065,1.9,,
1309,DC,DC24,Leskovec Toplički,ŽC2111,LC25154,3.6,,
1269,DC,DC24,Varaždinske Toplice,DC526,LC25143,0.9,46.20717,16.4313
1237,DC,DC24,Ljubešćica,LC25219,LC25150,1.3,46.155842,16.373933
1222,DC,DC24,Novi Marof - zapad,LC25134,LC25132,0.9,46.183892,16.342777
1230,DC,DC24,Konjščina,LC22022,DC540,0.8,46.05329,16.17126
4101,DC,DC23,Senj - istok,LC59009,DC8,11.0,44.985381,14.922067
4201,DC,DC23,Brinje,LC59003,ŽC5110,5.0,,
3028,DC,DC23,Modruš,LC34136,LC59007,15.6,,
3014,DC,DC23,Munjava (Josipdol),DC42,LC34137,0.4,45.177053,15.288073
3013,DC,DC23,Skradnik,ŽC3256,ŽC3255,2.8,,
1231,DC,DC29,Zlatar Bistrica,DC14,ŽC2202,1.9,46.035692,16.090064
1232,DC,DC29,Mače - istok,ŽC2168,ŽC2128,2.3,,
2110,DC,DC28,Bulinac,ŽC3090,ŽC3280,2.3,,
2106,DC,DC28,Prespa,DC548,ŽC3029,10.7,45.864569,16.91751
2104,DC,DC28,Bjelovarska obilaznica,ŽC3022,DC43,6.7,45.92668,16.84738
2102,DC,DC28,Predavac,ŽC3022,ŽC3300,0.3,45.934671,16.781608
2103,DC,DC28,Sveti Ivan Žabno,ŽC3041,ŽC2229,4.1,45.936897,16.600325
5303,DC,DC27,Gaćelezi,DC59,ŽC6071,5.4,43.835341,15.777719
5317,DC,DC27,Gornje Ceranje,ŽC6064,ŽC6066,7.4,43.98867,15.60508
4915,DC,DC27,Benkovac,ŽC6048,LC63123,10.6,44.059036,15.611419
4914,DC,DC27,Kruševo,ŽC6025,LC63069,3.7,,
4912,DC,DC27,Zaton Obrovački,ŽC6027,ŽC6028,6.7,44.222774,15.752809
4930,DC,DC27,Gračac,DC1,DC50,2.0,,
2218,DC,DC26,Uljanik,ŽC3168,ŽC3169,6.9,45.5444,17.03037
2211,DC,DC26,Hrastovac,ŽC3136,ŽC3168,7.2,,
2112,DC,DC26,Trnovitički Popovac,LC37103,ŽC3084,4.8,,
5412,DC,DC33,Pakovo Selo,ŽC6094,LC65083,6.1,43.829347,16.087181
5442,DC,DC33,Moseć,DC56,ŽC6094,3.7,43.85117,16.15445
5003,DC,DC33,Knin - jug,DC1,LC65088,2.2,44.02932,16.192643
5001,DC,DC33,Knin - sjever,LC65009,ŽC6080,6.0,44.070519,16.217987
2903,DC,DC32,Crni Lug,ŽC5032,DC3,10.7,,
1702,DC,DC32,Smrečje,LC58005,ŽC5185,1.3,45.535158,14.651
1701,DC,DC32,Prezid,GP,DC305,8.7,,
3209,DC,DC31,Donje Taborište,ŽC3194,LC33029,3.2,,
2016,DC,DC31,Kurilovec,AC11,LC31199,11.3,45.68412,16.0557
3311,DC,DC30,Hrvatska Kostajnica,LC33159,DC47,0.8,45.232657,16.530073
3205,DC,DC30,Budičina,ŽC3201,LC33053,0.7,,
3208,DC,DC30,Brest Pokupski,ŽC3242,DC37,1.8,45.45205,16.26068
2020,DC,DC30,Žažina,DC36,ŽC3156,0.3,45.514422,16.249197
2019,DC,DC30,Lekenik,ŽC3292,LC33006,4.7,45.581152,16.212676
2043,DC,DC30,Petina,AC3,DC430,0.9,,
2004,DC,DC29,Kašina,ŽC2224,DC3,14.1,45.93243,16.114435
3201,DC,DC36,Novo Selo Palanječko,DC37,DC232,10.3,45.488133,16.442426
2021,DC,DC36,Stupno,DC30,DC37,9.4,,
2022,DC,DC36,Letovanić,LC33008,DC30,4.1,,
1923,DC,DC36,Pisarovina - jug,LC31213,LC31187,1.0,,
1921,DC,DC36,Orlovac,DC1,ŽC3106,31.0,,
1123,DC,DC35,Gornja Šemnica,ŽC2125,ŽC2122,1.6,46.149188,15.946566
1132,DC,DC35,Novi Golubovec,ŽC2257,DC29,1.2,,
1216,DC,DC35,Kaniža - zapad,LC25190,ŽC2102,1.1,46.22442,16.08235
1213,DC,DC35,Greda,LC25042,ŽC2063,1.8,46.270598,16.208827
1267,DC,DC35,Vidovec,DC2,ŽC2061,4.1,46.28547,16.25828
2530,DC,DC34,Petrijevci obilaznica,LC44055,ŽC4301,1.5,45.6064,18.53838
2405,DC,DC34,Šag,ŽC4051,LC44028,2.8,45.64141,18.461545
2402,DC,DC34,Donji Miholjac - istok,DC53,LC44016,9.2,,
2419,DC,DC34,Donji Miholjac obilaznica,ŽC4032,DC53,2.5,45.74657,18.16528
2411,DC,DC34,Podravska Moslavina,ŽC4030,ŽC4031,8.1,45.765266,18.028231
5322,DC,DC33,Dubrava Šibenska,AC1,DC8,4.8,43.734294,15.931262
1310,DC,DC41,Peteranec,ŽC2114,ŽC2113,1.3,46.19863,16.90018
1401,DC,DC41,Gola,ŽC2116,ŽC2091,12.5,,
5903,DC,DC39,Gornja Brela,ŽC6166,LC67134,7.3,43.407834,16.908954
5908,DC,DC39,Cista Provo - jug,ŽC6171,ŽC6172,3.6,43.473002,16.925039
5511,DC,DC39,Cista Provo,LC67098,DC60,6.1,,
3605,DC,DC38,Levanjska Varoš,ŽC4144,LC44120,4.0,,
3507,DC,DC38,Pleternica - istok,LC41078,LC41063,6.8,45.29465,17.82578
3505,DC,DC38,Kuzmica,ŽC4116,LC41058,1.6,45.327323,17.754796
3532,DC,DC38,Požega,DC51,DC51,10.0,45.33187,17.65082
3504,DC,DC38,Pasikovci,ŽC4113,LC41018,1.3,45.388341,17.508602
3401,DC,DC38,Pakrac - istok,ŽC4099,LC41017,10.0,45.46265,17.23758
3202,DC,DC37,Novo Selište,DC30,ŽC3198,2.3,45.439022,16.246794
3203,DC,DC37,Petrinja,DC224,LC33051,3.3,45.44178,16.33533
3215,DC,DC37,Sisak,DC36,DC224,6.1,45.44813,16.36903
2127,DC,DC36,Popovača - zapad,AC3,ŽC3124,2.9,45.56722,16.61973
2117,DC,DC36,Stružec,ŽC3161,LC33017,0.8,,
2806,DC,DC44,Lupoglav - sjever,LC50080,ŽC5014,3.4,45.357962,14.101638
2706,DC,DC44,Fontana,LC50029,ŽC5013,2.9,45.40508,13.95193
2750,DC,DC44,Ponte Porton,LC50043,DC200,9.4,,
2015,DC,DC43,Caginec,ŽC3124,ŽC3074,1.9,45.71278,16.44982
2152,DC,DC43,Čazma - sjever,LC37054,DC26,3.8,45.75432,16.62405
2108,DC,DC43,Narta - sjever,DC544,ŽC3084,5.9,45.8407,16.82257
2145,DC,DC43,Bjelovar,DC548,DC544,0.7,45.88257,16.81753
2105,DC,DC43,Markovac,DC28,DC548,2.9,,
2140,DC,DC43,Kupinovac,ŽC3025,DC28,2.7,45.94422,16.88988
1314,DC,DC43,Hampovica,ŽC2183,ŽC2236,9.8,46.015649,16.948873
4314,DC,DC42,Čatrnja,LC34161,DC1,2.0,44.96047,15.64233
4306,DC,DC42,Saborsko - istok,ŽC5113,DC429,24.1,,
3043,DC,DC42,Oštarije,AC1,LC34134,1.2,,
3010,DC,DC42,Sveti Petar,LC34099,ŽC3254,3.9,,
3041,DC,DC42,Gomirje,AC6,LC58038,0.9,45.3628,15.09242
1311,DC,DC41,Sokolovac,LC26073,ŽC2181,0.5,46.107794,16.709016
2712,DC,DC48,Tinjan,LC50190,LC50099,1.1,,
3207,DC,DC47,Hrv. Kostajnica - zapad,DC30,LC33165,6.6,,
3308,DC,DC47,Slabinja,LC33177,ŽC3264,13.6,,
3306,DC,DC47,Bročice,AC3,ŽC3250,3.3,45.305844,16.949369
3402,DC,DC47,Jagma,ŽC4236,ŽC4112,2.0,,
3810,DC,DC46,Tovarnik,ŽC4233,GP,2.1,45.160412,19.164485
3804,DC,DC46,Ilača - zapad,ŽC4197,LC46033,2.3,,
3712,DC,DC46,Orolik,DC57,DC57,3.6,,
3711,DC,DC46,Srijemske Laze,ŽC4150,LC46027,2.8,45.231274,18.930889
3722,DC,DC46,Vinkovci obilaznica,DC518,DC55,6.8,45.266537,18.805874
3708,DC,DC46,Stari Mikanovci,ŽC4133,ŽC4166,4.7,45.288269,18.568903
3321,DC,DC45,Kutina - sjever,ŽC3163,LC33070,2.3,45.49182,16.78217
2115,DC,DC45,Kapelica,LC37138,ŽC3164,11.8,45.574551,16.890605
2128,DC,DC45,Garešnica,DC26,DC26,2.8,,
2209,DC,DC45,Hercegovac,ŽC3133,ŽC3135,2.0,,
2207,DC,DC45,Veliki Zdenci,DC28,ŽC3136,4.3,45.649075,17.076136
2404,DC,DC53,Beničanci,ŽC4046,ŽC4031,4.8,,
2417,DC,DC53,Donji Miholjac,ŽC4295,DC34,2.4,45.7607,18.18113
2401,DC,DC53,Donji Miholjac - sjever,GP,ŽC4295,3.9,45.771658,18.177166
4204,DC,DC52,Vrhovine,ŽC5130,LC59140,6.6,44.84918,15.40352
3515,DC,DC51,Oblakovac,DC38,LC41019,8.8,45.344128,17.490816
3524,DC,DC51,Eminovci,LC41033,DC38,3.2,45.35652,17.72953
3530,DC,DC51,Bektež,ŽC4117,LC41045,2.4,45.3957,17.92062
4905,DC,DC50,Sveti Rok,AC1,LC59116,1.5,44.380525,15.643391
4931,DC,DC50,Medak - jug,DC25,AC1,28.5,,
4225,DC,DC50,Gospić - jug,DC25,AC1,28.5,44.5303,15.40285
4219,DC,DC50,Perušić,ŽC5154,DC25,5.6,44.6374,15.39222
4205,DC,DC50,Ličko Lešće,ŽC5144,ŽC5147,2.3,44.802925,15.326257
4203,DC,DC50,Otočac (Brlog),AC1,ŽC5140,4.0,44.876752,15.204911
4202,DC,DC50,Brlog,LC59016,ŽC5127,2.9,,
3531,DC,DC49,Batrina - istok,ŽC4158,ŽC4244,2.2,45.17388,17.6803
3509,DC,DC49,Batrina - sjever,ŽC4185,ŽC4158,4.9,,
5503,DC,DC56,Progon - jug,DC219,ŽC6116,2.1,,
5413,DC,DC56,Kljake,ŽC6097,ŽC6099,4.6,43.778229,16.326668
5306,DC,DC56,Skradin,ŽC6075,DC33,8.7,43.81787,15.92582
5329,DC,DC56,Bulić,LC63151,ŽC6067,0.3,43.96572,15.7278
4916,DC,DC56,Raštević,LC63178,LC63203,0.8,44.037756,15.574965
4829,DC,DC56,Tromilja,DC502,ŽC6021,3.0,44.10965,15.40782
3719,DC,DC55,Županja,DC214,GP,3.3,45.049232,18.704336
3710,DC,DC55,Kunjevci,DC46,LC46023,12.0,45.218351,18.784327
3740,DC,DC55,Vinkovci istočna obilaznica,Zvonimirova,DC46,5.6,45.32197,18.83088
3706,DC,DC55,Nuštar,ŽC4134,Zvonimirova,0.9,45.327038,18.831188
4911,DC,DC54,Jasenice,LC63067,LC63029,2.7,44.2291,15.53543
3516,DC,DC53,Slavonski Brod,DC525,DC72,2.1,45.161405,17.994462
3607,DC,DC53,Rastušje,LC42038,DC514,4.8,45.197016,18.039159
3503,DC,DC53,Čaglin,LC41046,ŽC4124,2.7,45.36033,17.98658
3603,DC,DC53,Gradac Našički,LC44094,DC51,10.3,45.437257,18.035876
2409,DC,DC53,Velimirovac,ŽC4075,LC44044,0.24,45.524946,18.096453
6013,DC,DC62,Vrgorac - zapad,DC512,ŽC6208,6.3,,
6002,DC,DC62,Ravča - zapad,LC67199,DC512,1.0,,
6014,DC,DC62,Zagvozd,DC76,DC76,0.65,43.399583,17.050145
6012,DC,DC60,Vinjani Donji,DC76,LC67161,2.1,43.44265,17.23558
6001,DC,DC60,Grubine,LC67159,ŽC6186,2.6,43.430018,17.170582
5901,DC,DC60,Lovreć,LC67101,ŽC6173,0.9,43.492304,16.978946
5510,DC,DC60,Cista Velika,LC67093,ŽC6153,3.7,43.534104,16.871285
5505,DC,DC60,Trilj,ŽC6124,LC67083,1.6,,
5324,DC,DC59,Dubrava kod Tisna,LC65031,DC8,7.0,43.81707,15.70778
5319,DC,DC59,Čista Mala - jug,ŽC6069,DC27,6.0,43.884425,15.769527
5302,DC,DC59,Kistanje,ŽC6026,ŽC6090,9.8,,
5006,DC,DC59,Radučić - istok,LC65008,ŽC6054,6.0,,
5320,DC,DC58,Donje Polje,DC8,DC531,9.4,43.68305,15.9713
5326,DC,DC58,Bioci,luka,DC8,3.0,43.71928,15.90977
3805,DC,DC57,Lipovac - sjever,LC46051,LC46061,4.1,,
3802,DC,DC57,Negoslavci - jug,LC46013,ŽC4195,3.3,,
2755,DC,DC75,Marija na Krasu,ŽC5214,LC50005,3.1,45.45568,13.59323
1126,DC,DC74,Bednja,LC25105,LC25108,3.7,46.2228,15.99317
1125,DC,DC74,Žutnica,DC207,LC22013,8.1,,
3626,DC,DC72,Slavonski Brod 2,DC53,DC423,2.7,45.16285,18.00102
5918,DC,DC70,Omiš - sjever,DC8,ŽC6165,4.1,43.448631,16.692765
2306,DC,DC69,Voćin,ŽC4044,LC40069,0.6,45.620538,17.554256
2813,DC,DC66,Opatija - jug,ŽC5048,ŽC5051,1.6,45.319582,14.29321
2814,DC,DC66,Medveja,ŽC5082,ŽC5050,7.7,45.263049,14.264478
2805,DC,DC66,Plomin,LC50180,DC402,9.5,,
2815,DC,DC66,Stepčići,LC50185,DC64,5.5,45.146718,14.151278
2817,DC,DC66,Raša,DC421,ŽC5103,8.4,,
2747,DC,DC66,Kujići,LC50145,LC50153,4.2,45.0103,13.9823
3904,DC,DC66,Loborika,DC401,LC50170,2.1,,
2831,DC,DC64,Vozilići - sjever,DC500,DC66,1.4,45.16265,14.15197
2820,DC,DC64,Pićan,LC50086,LC50123,1.6,45.190907,14.077319
6101,DC,DC62,Nova Sela,AC10,LC69008,2.0,,
4003,DC,DC100,Ćunski,LC58115,ŽC5157,6.3,44.589655,14.407823
4006,DC,DC100,Cres,DC101,ŽC5124,2.3,44.97533,14.41253
4001,DC,DC100,Predošćica,LC58084,DC101,10.1,,
2938,DC,DC99,Drivenik,DC501,ŽC5089,6.4,45.247443,14.629839
2219,DC,DC80,Pepelana,LC40044,LC40031,4.6,45.74383,17.49835
2224,DC,DC80,Koreničani,ŽC3094,LC40022,12.4,45.65712,17.35838
3915,DC,DC77,Vodnjan,LC50144,ŽC5101,2.2,44.97492,13.86637
2751,DC,DC77,Žminj,ŽC5077,LC50132,2.7,45.13633,13.8994
6011,DC,DC76,Vinjani Gornji,LC67168,LC67167,1.2,,
6037,DC,DC76,Poljica,LC67160,ŽC6183,2.0,43.42505,17.1313
6026,DC,DC76,Tunel Sveti Ilija,LC67177,LC67143,6.1,43.3938,17.03715
3905,DC,DC75,Pula - sjever,ŽC5117,LC50160,2.3,44.91435,13.84947
2717,DC,DC75,Bale,ŽC5098,ŽC5096,2.9,45.037077,13.789818
2757,DC,DC75,Funtana,ŽC5116,ŽC5071,5.8,45.19815,13.60307
2765,DC,DC75,Vrvari,LC50046,DC302,0.7,45.2261,13.62483
2708,DC,DC75,Dajla,LC50040,DC301,5.5,45.3567,13.55597
5927,DC,DC116,Dubovica,ŽC6280,ŽC6252,5.5,43.1668,16.5578
5919,DC,DC115,Gornji Humac,DC113,ŽC6192,1.0,43.28772,16.71753
5907,DC,DC113,Supetar - jug,DC114,LC67172,4.2,43.373527,16.559033
4815,DC,DC110,Kukljica,LC63171,LC63110,4.9,44.02895,15.24985
4813,DC,DC109,Brbinj,DC124,LC63095,1.9,,
4110,DC,DC107,Nova Novalja,ŽC5151,DC106,1.6,44.54268,14.89708
4822,DC,DC106,Vulete,ŽC6007,LC63027,4.5,44.258503,15.368625
4801,DC,DC106,Most otok Pag,ŽC6005,ŽC6007,17.6,44.31632,15.26772
4106,DC,DC105,Barbat na Rabu,ŽC5139,TP,6.4,44.720799,14.823029
2947,DC,DC104,Strilčići,LC58070,LC58085,3.6,45.09183,14.53257
2946,DC,DC102,Punat - sjever,ŽC5125,ŽC5183,1.6,45.04203,14.62495
2934,DC,DC102,Krk,ŽC5131,ŽC5131,2.3,45.034408,14.576607
2924,DC,DC102,Sveti Vid,ŽC5084,ŽC5086,3.1,,
2922,DC,DC102,Omišalj,LC58065,DC129,0.8,45.195386,14.560323
2948,DC,DC102,Most Krk,DC103,ŽC5083,1.2,45.22113,14.5626
4007,DC,DC101,Merag,DC100,luka,10.8,,
1109,DC,DC205,Tuheljske Toplice,ŽC2248,ŽC2155,1.5,,
3040,DC,DC204,Bosanci,DC3,ŽC3175,3.5,45.42172,15.2774
3001,DC,DC204,Pribanjci,LC34055,DC3,1.4,,
2936,DC,DC203,Mala Lešnica,LC58022,LC58113,9.5,45.440774,14.850036
2704,DC,DC201,Štrped,LC50023,LC50026,2.3,45.43562,13.9427
2719,DC,DC200,Vižinada - sjever,DC44,ŽC5041,6.1,,
2707,DC,DC200,Sveti Ivan,LC50015,ŽC5008,6.0,45.373965,13.706021
2701,DC,DC200,Plovanija,GP,DC510,2.2,45.455965,13.63487
5445,DC,DC126,Mastrinka,ŽC6134,ŽC6136,0.4,43.51582,16.26768
5443,DC,DC126,Trogir,ŽC6133,ŽC6134,0.7,43.52182,16.26485
5338,DC,DC121,Ivinj,ŽC6085,LC65032,5.6,43.80293,15.6732
5304,DC,DC121,Murter,ŽC6250,ŽC6250,2.8,,
6504,DC,DC120,Babino Polje,LC69072,LC69072,3.0,42.733889,17.552573
6403,DC,DC118,Žrnovo,LC69073,LC69073,1.5,42.938026,17.104267
5801,DC,DC117,Vis,ŽC6212,LC67212,0.5,,
5917,DC,DC116,Jelsa,LC67194,LC67234,0.5,43.15679,16.686805
4501,DC,DC214,Posavski Podgajci,ŽC4230,LC46054,7.6,44.968119,18.822439
2601,DC,DC213,Erdut,DC519,ŽC4093,6.6,,
2511,DC,DC213,Bijelo Brdo,LC44084,LC44085,3.9,45.516365,18.887531
2502,DC,DC212,Suza,ŽC4037,LC44011,4.9,45.77276,18.764018
2410,DC,DC211,Baranjsko Petrovo Selo,GP,DC517,2.0,,
1402,DC,DC210,Virje,LC26157,LC26102,2.0,,
1408,DC,DC210,Repaš,ŽC2116,LC26037,3.1,46.13163,17.07852
1257,DC,DC209,Šenkovec - jug,LC20050,DC78,0.6,,
1201,DC,DC209,Šenkovec,LC20079,DC227,4.0,46.412245,16.423313
1001,DC,DC209,Mursko Središće,ŽC2006,LC20019,3.0,46.504034,16.431542
1202,DC,DC208,Trnovec,GP,LC20056,1.4,46.38379,16.307342
1124,DC,DC207,Hromec,GP,ŽC2096,5.3,46.208538,15.795952
1105,DC,DC206,Petrovsko,ŽC2120,DC1,9.1,,
1133,DC,DC206,Pregrada,ŽC2118,DC507,1.5,,
1112,DC,DC206,Hum na Sutli,DC233,DC229,1.6,,
1149,DC,DC205,Jezero Klanječko,DC507,ŽC2195,1.1,46.02178,15.85212
1805,DC,DC228,Kamanje,ŽC3097,ŽC3296,7.5,45.644586,15.441877
1243,DC,DC227,Brezje,ŽC2015,DC209,2.4,46.41358,16.40743
1002,DC,DC227,Štrigova,GP,ŽC2007,2.8,,
1925,DC,DC225,Zaprešić - istok,ŽC2186,AC2,4.1,,
1924,DC,DC225,Šenkovec - istok,ŽC3033,ŽC3035,1.2,,
3309,DC,DC224,Gornji Hrastovac,LC33126,LC33117,5.3,,
3304,DC,DC224,Sunja,ŽC3244,ŽC3211,1.9,45.35705,16.549073
6610,DC,DC223,Dubac,ŽC6243,DC8,1.7,42.6312,18.15648
6605,DC,DC223,Gornji Brgat,GP,LC69048,1.7,,
5506,DC,DC220,Kamensko,LC67104,GP,3.0,43.615668,16.959961
5520,DC,DC220,Čaporice,ŽC6260,DC60,4.5,43.586892,16.72136
5501,DC,DC219,Obrovac Sinjski,LC67016,ŽC6122,1.6,,
5502,DC,DC219,Progon - istok,DC56,LC67031,2.0,,
4310,DC,DC218,Frkašić,DC1,LC59102,29.7,44.7033,15.75978
4301,DC,DC217,Ličko Petrovo Selo,DC1,GP,3.0,44.880562,15.725877
3109,DC,DC216,Miholjsko,ŽC3224,LC34144,4.5,45.257636,15.693068
1236,DC,DC307,Gusakovec,LC22094,LC22078,2.9,,
1901,DC,DC307,Stubičke Toplice,LC22071,ŽC2200,1.7,,
1936,DC,DC307,Oroslavje,LC22069,LC22069,0.5,45.990835,15.915844
4808,DC,DC306,Kožino,LC63048,DC8,10.3,44.166135,15.201306
4821,DC,DC306,Privlaka - sjever,LC63168,ŽC6273,2.9,,
2716,DC,DC303,Sošići,LC50128,DC75,1.0,45.10833,13.76283
2711,DC,DC302,Žbandaj,LC50089,ŽC5072,3.6,45.21633,13.65762
2720,DC,DC301,Bužinija - jug,DC75,ŽC5070,3.7,,
2718,DC,DC300,Buje - zapad,AC9,ŽC5070,1.4,,
2705,DC,DC300,Grando,LC50006,LC50008,2.8,,
6503,DC,DC237,Zaton Doli,ŽC6227,ŽC6295,6.1,42.835776,17.745685
6501,DC,DC236,Klek,DC8,ŽC6279,5.3,42.94192,17.56835
3316,DC,DC232,Drenov Bok,ŽC3249,DC47,12.8,45.27708,16.86385
1933,DC,DC231,Sveta Nedelja,ŽC3061,AC3,0.6,45.800862,15.782704
1127,DC,DC229,Zagorska Sela,LC22025,DC205,4.0,46.09557,15.63498
1934,DC,DC228,Mahićno,ŽC3143,DC1,6.4,45.522856,15.540841
4820,DC,DC424,Gaženica,DC8,DC422,3.9,,
3625,DC,DC423,Slavonski Brod 1,DC514,DC72,2.8,45.17027,18.0421
4828,DC,DC422,Zemunik,DC424,ŽC6040,4.0,44.09373,15.31945
6609,DC,DC420,Sustjepan,DC8,luka,2.8,42.66907,18.0888
2517,DC,DC417,Osijek luka,Osijek,DC213,5.7,45.53995,18.7635
6404,DC,DC415,Košarni Do,LC69026,DC414,1.4,42.97292,17.29688
6502,DC,DC414,Putniković,ŽC6226,DC8,6.0,42.862577,17.552013
6401,DC,DC414,Golubinica,LC69025,DC415,6.7,42.97497,17.26918
6038,DC,DC413,Ploče,DC425,ŽC6216,1.0,43.04736,17.44037
5444,DC,DC409,Divulje,DC8,DC8,6.3,43.53737,16.3039
2035,DC,DC408,Velika Gorica sj. obilaz.,zr. luka,DC30,3.8,,
4827,DC,DC407,Zadar,luka,DC8,3.8,,
2845,DC,DC403,Škurinje,AC7,DC8,2.1,,
3911,DC,DC401,Pula aerodrom,DC66,ŽC5120,1.6,,
2123,DC,DC318,Klokočevac,DC28,DC43,6.0,45.93162,16.7851
1953,DC,DC310,Jastrebarsko,LC31139,AC1,4.6,45.6565,15.65448
2533,DC,DC517,Beli Manastir obilaznica,ŽC4293,DC550,0.6,45.77195,18.5845
6701,DC,DC516,Pločice,DC8,ŽC6240,4.6,,
3621,DC,DC515,Bračevci,LC44100,LC44101,3.4,45.435497,18.265604
2418,DC,DC515,Našice obilaznica,DC2,ŽC4168,2.0,45.5074,18.11903
3622,DC,DC514,Slavonski Brod - Šestinac,DC53,DC423,1.9,45.17785,18.04305
6039,DC,DC512,Stupica,ŽC6198,ŽC6199,8.2,43.25777,17.08117
2748,DC,DC510,Kaštel - sjever,DC200,ŽC5220,0.6,,
1129,DC,DC507,Martinišće,LC22041,DC205,2.0,46.03218,15.85315
4917,DC,DC503,Kakma,LC63126,LC63119,1.5,,
4924,DC,DC502,Smilčić - istok,ŽC6023,ŽC6019,6.6,,
2918,DC,DC501,Križišće,ŽC5063,ŽC5068,3.6,45.267595,14.607165
2926,DC,DC501,čv. Oštrovica - jug,AC6,AC7,7.1,45.30068,14.58395
2811,DC,DC500,Vranja,LC50084,LC50087,5.3,45.310149,14.133999
2062,DC,DC430,Selnica Šćitarjevska,DC30,zr. luka,2.1,,
4311,DC,DC429,Jezerce,LC59025,DC1,9.9,44.86633,15.63875
4315,DC,DC429,Selište Drežničko,DC42,LC59024,1.0,44.93475,15.6269
1943,DC,DC543,Donja Zdenčina,DC1,ŽC3106,2.2,45.67688,15.75732
3042,DC,DC541,Veliki Modruš Potok,DC6,ŽC3141,2.6,45.49923,15.39973
2037,DC,DC540,Komin,LC31003,DC3,0.3,45.997886,16.279156
2232,DC,DC538,Brezik,DC5,ŽC4005,9.6,45.86018,17.40702
3742,DC,DC537,Otok,ŽC4172,ŽC4224,0.7,45.14957,18.88543
1265,DC,DC528,Kneginec Donji,DC2,ŽC2070,1.4,46.26492,16.37812
3525,DC,DC525,Gornji Andrijevci,ŽC4244,LC42030,2.5,45.17833,17.87057
3508,DC,DC525,Krajačići,ŽC4162,ŽC4244,8.5,45.21412,17.8514
4918,DC,DC522,Lovinac,LC59099,ŽC5165,7.9,44.463524,15.686248
3704,DC,DC519,Borovo - sjever,LC44116,LC46003,4.8,,
3741,DC,DC518,Jarmina,ŽC4134,ŽC4149,4.1,45.32768,18.72892
2509,DC,DC518,Brijest,DC2,LC44110,7.5,45.516884,18.675051
2506,DC,DC518,Podravlje,ŽC4257,DC2,4.0,45.569688,18.709542
2415,DC,DC517,Harkanovci,LC44050,LC44020,2.8,45.58928,18.3323
2403,DC,DC517,Belišće - sjever,ŽC4033,LC44026,2.1,45.72068,18.432963
2504,DC,DC517,Majiške Međe,ŽC4041,LC44030,1.2,,
4216,AC,AC1,Otočac - jug,čv. Otočac,čv. Perušić,32.1,,
4215,AC,AC1,Žuta Lokva - jug,čv. Žuta Lokva,čv. Otočac,11.5,,
4214,AC,AC1,Brinje - jug,čv. Brinje,čv. Žuta Lokva,11.1,,
3025,AC,AC1,Ogulin - jug,čv. Ogulin,čv. Brinje,28.3,,
3009,AC,AC1,čv. Bosiljevo 2 - jug,čv. Bosiljevo 2,čv. Ogulin,21.1,,
3021,AC,AC1,Bosiljevo 1 - zapad,čv. Bosiljevo 1,čv. Bosiljevo 2,3.9,,
3027,AC,AC1,Novigrad - zapad,čv. Novigrad,čv. Bosiljevo 1,13.6,,
1804,AC,AC1,Karlovac - jug,čv. Karlovac,čv. Novigrad,11.5,,
1920,AC,AC1,Jastrebarsko - jug,čv. Jastrebarsko,čv. Karlovac,18.2,,
1931,AC,AC1,Zdenčina - jug,čv. Zdenčina,čv. Jastrebarsko,6.7,,
1916,AC,AC1,Lučko - jug,čv. Lučko,čv. Zdenčina,15.4,,
1147,DC,DC677,Lepajci,LCepajci,ŽC2160,3.3,46.112794,15.891711
2146,DC,DC548,Bjelovar istočna obilaznica,DC43,DC28,4.5,45.90622,16.87667
4927,DC,DC547,Obrovac,DC54,DC27,3.0,44.2163,15.66723
1942,DC,DC546,Brlenić,ŽC3297,LC31136,3.7,45.62832,15.55158
2147,DC,DC544,Farkaševac,DC12,ŽC3042,1.1,45.88647,16.6339
5417,AC,AC1,Vučevica - jug,čv. Vučevica,čv. Dugopolje,14.1,,
5411,AC,AC1,Prgomet - jug,čv. Prgomet,čv. Vučevica,14.2,,
5410,AC,AC1,Vrpolje - jug,čv. Vrpolje,čv. Prgomet,17.5,,
5447,AC,AC1,Podi - jug,čv. Podi,čv. Vrpolje,7.0,,
5316,AC,AC1,Šibenik - jug,čv. Šibenik,čv. Podi,7.5,,
5315,AC,AC1,Skradin - jug,čv. Skradin,čv. Šibenik,9.2,,
5314,AC,AC1,Pirovac - jug,čv. Pirovac,čv. Skradin,9.8,,
5313,AC,AC1,Benkovac - jug,čv. Benkovac,čv. Pirovac,21.5,,
4921,AC,AC1,Zadar 2 - jug,čv. Zadar 2,čv. Benkovac,16.4,,
4809,AC,AC1,Zadar 1 - jug,čv. Zadar 1,čv. Zadar 2,9.0,,
4806,AC,AC1,Posedarje - jug,čv. Posedarje,čv. Zadar 1,3.6,,
4805,AC,AC1,Maslenica - jug,čv. Maslenica,čv. Posedarje,7.2,,
4909,AC,AC1,Sveti Rok - jug,čv. Sveti Rok,čv. Maslenica,32.7,,
4903,AC,AC1,Gornja Ploča - jug,čv. Gornja Ploča,čv. Sveti Rok,5.6,,
4919,AC,AC1,Gospić - jug,čv. Gospić,čv. Gornja Ploča,23.0,,
4217,AC,AC1,Perušić - jug,čv. Perušić,čv. Gospić,11.2,,
2114,AC,AC3,Ivanić Grad - istok,čv. Ivanić Grad,čv. Križ,9.5,,
2027,AC,AC3,Zagreb (istok) - istok,čv. Rugvica,čv. Ivanić Grad,16.5,,
1910,AC,AC3,Bobovica - zapad,gr. Slovenije,čv. Bobovica,2.5,,
1904,AC,AC2,Zaprešić - sjever,čv. Mokrice,čv. Zaprešić,16.5,,
1115,AC,AC2,Mokrice - sjever,čv. Začretje,čv. Mokrice,12.8,,
1116,AC,AC2,Začretje - sjever,čv. Krapina,čv. Začretje,4.8,,
1113,AC,AC2,Krapina - sjever,čv. Đurmanec,čv. Krapina,10.3,,
1114,AC,AC2,Đurmanec - sjever,čv. Trakošćan,čv. Đurmanec,7.5,,
6030,AC,AC1,čv. Ploče - jug,čv. Ploče,Karamatići,5.4,,
6028,AC,AC1,Vrgorac - jug,čv. Vrgorac,čv. Ploče,10.3,,
6021,AC,AC1,Ravča - jug,čv. Ravča,čv. Vrgorac,9.7,,
6017,AC,AC1,Zagvozd - jug,čv. Zagvozd,čv. Ravča,29.7,,
6015,AC,AC1,Šestanovac - jug,čv. Šestanovac,čv. Zagvozd,11.5,,
5912,AC,AC1,Blato na Cetini - jug,čv. Blato na Cetini,čv. Šestanovac,6.9,,
5911,AC,AC1,Bisko - jug,čv. Bisko,čv. Blato na Cetini,18.1,,
5517,AC,AC1,Dugopolje - jug,čv. Dugopolje,čv. Bisko,10.2,,
1303,AC,AC4,Čakovec - sjever,čv. Goričan,čv. Čakovec,14.0,,
3807,AC,AC3,Spačva - istok,čv. Spačva,čv. Lipovac,12.8,,
3716,AC,AC3,Županja - istok,čv. Županja,čv. Spačva,17.2,,
3714,AC,AC3,Babina Greda - istok,čv. Babina Greda,čv. Županja,12.2,,
3613,AC,AC3,Velika Kopanica - istok,čv. Velika Kopanica,čv. Babina Greda,12.6,,
3617,AC,AC3,čv. Sredanci - istok,čv. Sredanci,čv. Velika Kopanica,7.5,,
3609,AC,AC3,Slavonski Brod (istok) - istok,čv. Slavonski Brod (istok),čv. Sredanci,20.1,,
3511,AC,AC3,Slavonski Brod (zapad) - istok,čv. Slavonski Brod (zap.),čv. Slavonski Brod (ist.),11.5,,
3514,AC,AC3,Lužani - istok,čv. Lužani,čv. Slavonski Brod (zapad),20.3,,
3510,AC,AC3,Nova Gradiška - istok,čv. Nova Gradiška,čv. Lužani,22.5,,
3407,AC,AC3,Okučani - istok,čv. Okučani,čv. Nova Gradiška,15.4,,
3405,AC,AC3,Novska - istok,čv. Novska,čv. Okučani,24.8,,
3323,AC,AC3,Lipovljani - istok,čv. Lipovljani,čv. Novska,6.8,,
3302,AC,AC3,Kutina - istok,čv. Kutina,čv. Lipovljani,14.3,,
2118,AC,AC3,Popovača - istok,čv. Popovača,čv. Kutina,17.7,,
2121,AC,AC3,Križ - istok,čv. Križ,čv. Popovača,13.4,,
2910,AC,AC6,Delnice - zapad,čv. Delnice,čv. Vrata,8.9,,
2906,AC,AC6,Ravna Gora - zapad,čv. Ravna Gora,čv. Delnice,11.0,,
3006,AC,AC6,Vrbovsko - zapad,čv. Vrbovsko,čv. Ravna Gora,15.3,,
3022,AC,AC6,čv. Bosiljevo 2 - zapad,čv. Bosiljevo 2,čv. Vrbovsko,13.8,,
3629,AC,AC5,čv. Sredanci - jug,čv. Sredanci,čv. Svilaj,2.6,,
3616,AC,AC5,Đakovo - jug,čv. Đakovo,čv. Sredanci,21.0,,
3620,AC,AC5,Čepin - jug,čv. Čepin,čv. Đakovo,23.8,,
2515,AC,AC5,Osijek - jug,čv. Osijek,čv. Čepin,8.8,,
2528,AC,AC5,Beli Manastir - jug,čv. Beli Manastir,čv. Osijek,25.1,,
2002,AC,AC4,Sveta Helena - sjever,čv. Komin,čv. Sveta Helena,10.6,,
1229,AC,AC4,Komin - sjever,čv. Breznički Hum,čv. Komin,12.3,,
1225,AC,AC4,Breznički Hum - sjever,čv. Novi Marof,čv. Breznički Hum,9.7,,
1220,AC,AC4,Novi Marof - sjever,čv. Varaždinske Toplice,čv. Novi Marof,8.3,,
1215,AC,AC4,Varaždinske Toplice - sjever,čv. Varaždin,čv. Varaždinske Toplice,6.3,,
1212,AC,AC4,Varaždin - sjever,čv. Ludbreg,čv. Varaždin,7.2,,
1306,AC,AC4,Ludbreg - sjever,čv. Čakovec,čv. Ludbreg,8.2,,
2739,AC,AC9,Medaki - jug,čv. Medaki,čv. Kanfanar,7.4,,
2737,AC,AC9,Baderna - jug,čv. Baderna,čv. Medaki,7.7,,
2735,AC,AC9,Višnjan - jug,čv. Višnjan,čv. Baderna,7.6,,
2733,AC,AC9,Nova Vas - jug,čv. Nova Vas,čv. Višnjan,14.3,,
2731,AC,AC9,Buje - jug,čv. Buje,čv. Nova Vas,6.2,,
2729,AC,AC9,Umag - jug,čv. Umag,čv. Buje,6.0,,
2830,AC,AC8,Vranja - istok,čv. Vranja,čv. Veprinac,9.7,,
2828,AC,AC8,Lupoglav - istok,čv. Lupoglav,čv. Vranja,5.9,,
2826,AC,AC8,Cerovlje - istok,čv. Cerovlje,čv. Lupoglav,12.8,,
2824,AC,AC8,Ivoli - istok,čv. Ivoli,čv. Cerovlje,4.9,,
2745,AC,AC8,Rogovići - istok,čv. Rogovići,čv. Ivoli,5.8,,
2743,AC,AC8,Žminj - istok,čv. Žminj,čv. Rogovići,10.9,,
2741,AC,AC8,Kanfanar - istok,čv. Kanfanar,čv. Žminj,7.3,,
2818,AC,AC7,NP Rupa,čv. Rupa,čv. Jurdani,9.5,,
2933,AC,AC6,Oštrovica - zapad,čv. Oštrovica,čv. Kikovica (Rijeka),9.0,,
2915,AC,AC6,Vrata - zapad,čv. Vrata,čv. Oštrovica,12.4,,
1335,ZC,ŽC2033,Čehovec,LC20058,DC20,3.1,46.35233,16.61455
1334,ZC,ŽC2026,Prelog - sjever,LC20058,DC20,3.5,46.34115,16.6252
1333,ZC,ŽC2022,Mala Subotica,LC20035,DC20,2.3,46.36703,16.52417
1240,ZC,ŽC2015,Nedelišće,LC20052,DC3,1.4,46.38227,16.37432
1241,ZC,ŽC2009,Macinec,LC20056,DC208,1.5,46.38542,16.32487
1242,ZC,ŽC2005,Selnica,ŽC2006,ŽC2253,2.0,46.4858,16.40383
1322,ZC,ŽC2003,Turčišće,LC20030,ŽC2023,2.8,46.42007,16.5971
1249,ZC,ŽC2002,Jalšovec,LC20084,DC227,1.2,46.49885,16.29997
1939,ZC,ŽC1037,Bregana Pisarovinska,LC31186,ŽC3106,3.1,45.61777,15.85977
2049,ZC,ŽC1036,Otok Svibovski,LC10160,LC10161,3.4,45.78095,16.15712
2047,AC,AC11,Buševec - jug,Buševec,LCekenik,11.2,,
2031,AC,AC11,Mraclin - jug,Mraclin,Buševec,9.0,,
6105,AC,AC10,čv. Ploče - istok,čv. Kula Norinska,čv. Ploče,6.7,,
3909,AC,AC9,Vodnjan (jug) - jug,čv. Vodnjan (jug),čv. Pula,6.9,,
3907,AC,AC9,Vodnjan (sjever) - jug,čv. Vodnjan (sjever),čv. Vodnjan (jug),6.2,,
2727,AC,AC9,Kanfanar - jug,čv. Kanfanar,čv. Vodnjan (sjever),14.5,,
1404,ZC,ŽC2114,Molve,LC26037,DC210,3.3,46.12343,17.03022
1318,ZC,ŽC2114,Sigetec,ŽC2113,LC26032,2.0,46.192012,16.913831
1262,ZC,ŽC2101,Nova Ves Petrijanečka,LC25070,DC2,1.3,,
1254,ZC,ŽC2101,Vulišinec,LC25108,ŽC2058,2.5,46.21677,16.03623
1134,ZC,ŽC2096,Prigorje,DC207,LC22091,8.9,,
1331,ZC,ŽC2089,"Križevci, Lepušićeva ulica",ŽC2180,DC22,5.8,46.04292,16.5414
1142,ZC,ŽC2083,Vrbno,LC25176,DC74,3.6,,
1326,ZC,ŽC2081,Rasinja,DC2,LC26004,2.1,46.19775,16.71362
1330,ZC,ŽC2081,Rasinja - sjever,LC26008,DC2,3.2,46.20015,16.71948
1328,ZC,ŽC2076,Veliki Otok,LC26126,DC20,3.9,46.28737,16.80552
1336,ZC,ŽC2072,Struga,LC25099,LC25100,5.1,46.29743,16.65775
1250,ZC,ŽC2063,Črešnjevo,ŽC2066,LC25074,2.2,46.25505,16.28435
1253,ZC,ŽC2050,Remetinec,LC25128,LC25130,1.3,46.18618,16.32962
1261,ZC,ŽC2043,Zlogonje,G.P.,LC25204,0.4,,
1131,ZC,ŽC2042,Cvetlin,G.P.,ŽC2056,1.8,46.28687,15.95678
1321,ZC,ŽC2040,Kotoriba,LC20045,ŽC2041,2.2,46.34263,16.8108
1332,ZC,ŽC2212,Križevački Lemeš,DC41,ŽC2228,4.6,46.02193,16.58047
1327,ZC,ŽC2209,"Križevci, Teslina ulica",DC22,LC26067,0.8,46.0184,16.5374
1940,ZC,ŽC2195,Pojatno - jug,LC31022,ŽC2186,1.6,45.89852,15.79827
1138,ZC,ŽC2195,Jezero Klanječko - jug,DC205,ŽC2191,2.3,,
1932,ZC,ŽC2186,Zaprešić - sjever,ŽC2195,ŽC2262,1.8,45.880994,15.798199
1329,ZC,ŽC2183,Virje,DC2,DC43,4.6,46.05653,16.9896
1251,ZC,ŽC2175,Kračevec,LC25158,LC25163,3.9,46.08183,16.3071
1259,ZC,ŽC2169,Borkovec,ŽC2129,ŽC2129,2.2,,
1258,ZC,ŽC2168,Mali Bukovec,DC29,ŽC2264,5.2,,
1137,ZC,ŽC2160,Štrucljevo,ŽC2161,ŽC2195,5.0,,
1148,ZC,ŽC2160,Švaljkovec,DC1,DC677,1.0,,
1136,ZC,ŽC2155,Klokovec,LC22041,DC507,2.3,,
1135,ZC,ŽC2151,Gaber,LC22006,LC22007,2.2,,
1325,ZC,ŽC2150,Delovi,ŽC2147,DC2,6.3,46.119641,16.957428
1316,ZC,ŽC2143,Hudovljani,LC26094,LC26094,3.8,46.078917,16.802638
1130,ZC,ŽC2125,Mihovljan - zapad,LC22015,ŽC2126,1.5,46.14488,15.9628
2006,ZC,ŽC3034,Vrbovečki Pavlovec,LC31054,ŽC3052,2.4,,
2051,ZC,ŽC3034,Lonjica,ŽC3075,LC31219,1.5,45.85882,16.32778
2050,ZC,ŽC3034,Dugo Selo - zapad,G.A.P.,ŽC3070,1.9,45.8103,16.20345
2225,ZC,ŽC3027,Šandrovac,ŽC3029,ŽC2232,2.5,45.90677,17.01952
2052,ZC,ŽC3016,Brezovec Zelinski,LC31037,ŽC3017,2.4,45.90717,16.25997
2133,ZC,ŽC3003,Kraljevac,ŽC2143,LC26121,5.0,,
1317,ZC,ŽC3002,Križevci,LC26064,ŽC3034,1.8,46.022118,16.532021
1221,ZC,ŽC2269,Novi Marof,LC25128,LC25131,1.7,,
1238,ZC,ŽC2264,Poznanovec,ŽC2201,ŽC2168,0.8,46.052241,16.037029
1144,ZC,ŽC2264,Bračak,DC14,DC14,4.8,,
1102,ZC,ŽC2258,Pleš (Bednja),LC25012,LC25105,2.4,46.23802,15.9636
1139,ZC,ŽC2248,Jelenjak,ŽC2151,ŽC2241,5.8,,
2130,ZC,ŽC2231,Sišćani,DC43,ŽC3283,3.1,,
2054,ZC,ŽC2224,Karivaroš,ŽC2226,DC29,7.6,,
1941,ZC,ŽC2220,Ivanec Bistranski,ŽC2262,G.A.P.,3.8,45.86205,15.84063
1938,ZC,ŽC2217,Stubička Slatina,ŽC2218,LC22100,1.7,45.9756,15.86103
2126,ZC,ŽC3124,Popovača,LC33018,ŽC3131,0.4,45.56752,16.63272
2124,ZC,ŽC3124,Graberje Ivanićko,ŽC3125,ŽC3126,5.6,45.7078,16.476164
2044,ZC,ŽC3121,Lijeva Luka,LC33011,LC33012,3.2,45.61245,16.35453
1944,ZC,ŽC3106,Kupinec,LC10165,ŽC1037,6.8,45.6403,15.81367
1945,ZC,ŽC3102,Volavje,DC1,LC31135,4.6,45.65345,15.60833
2134,ZC,ŽC3090,Tociljevac,LC37074,ŽC3092,9.0,,
2132,ZC,ŽC3082,Donja Šušnjara,LC37067,DC26,14.3,,
2056,ZC,ŽC3074,Gornja Greda,ŽC3034,LC31171,11.0,,
2053,ZC,ŽC3070,Rugvica,ŽC3034,DC43,4.8,45.77053,16.23257
1951,ZC,ŽC3067,Donji Stupnik,LC10166,DC1,3.2,,
1946,ZC,ŽC3064,Rakitje,ŽC3063,LC31101,1.7,45.80047,15.82468
1947,ZC,ŽC3063,Bestovje,AC3,ŽC3060,2.6,45.80735,15.81142
1950,ZC,ŽC3061,Žitarka,ŽC3066,DC1,1.9,,
1949,ZC,ŽC3055,Donja Reka,ŽC3104,DC1,2.9,,
2055,ZC,ŽC3041,Kloštar Ivanić,LC31177,ŽC3074,4.2,,
1948,ZC,ŽC3035,Javorje,LC31215,DC225,1.7,,
3122,ZC,ŽC3186,Podgorje,DC6,LC33194,9.8,45.33956,15.86129
3120,ZC,ŽC3185,Belaj,LC34080,LC34082,2.9,45.42393,15.5495
3030,ZC,ŽC3182,Sveti Petar Mrežnički,ŽC3184,ŽC3183,3.4,45.43698,15.49727
3036,ZC,ŽC3179,Zagradci,ŽC3180,LC34066,1.3,,
3034,ZC,ŽC3176,Erdelj,LC34102,DC23,3.9,45.36785,15.3634
3033,ZC,ŽC3175,Ogulin - sjeveroistok,LC34104,DC42,12.1,45.27002,15.25573
2226,ZC,ŽC3169,Trojeglava,LC37149,LC37150,3.1,,
3312,ZC,ŽC3168,Poljana,ŽC4236,ŽC3167,5.6,45.47035,16.9777
2136,ZC,ŽC3167,Ciglenica,DC45,LC37140,5.5,,
3121,ZC,ŽC3152,Dugo Selo Lasinjsko,LC33198,ŽC3194,9.4,45.47925,15.89713
1808,ZC,ŽC3144,Tomašnica,DC6,LC34028,6.8,,
3029,ZC,ŽC3141,Kučevice,LC34056,DC541,3.1,45.4909,15.3968
2223,ZC,ŽC3133,Ladislav,DC28,ŽC3132,8.0,45.70797,17.0306
2129,ZC,ŽC3128,Suhaja,DC26,ŽC3130,11.8,45.7316,16.63022
3314,ZC,ŽC3124,Brestača,ŽC3249,DC47,4.1,45.35498,16.96245
3313,ZC,ŽC3124,Kutina,ŽC3212,ŽC3213,3.4,45.47043,16.79783
1807,ZC,ŽC3297,Podbrežje,LC31185,ŽC3099,3.2,45.62357,15.48915
3315,ZC,ŽC3294,Donji Cerovljani,LC33177,LC33178,3.7,45.21053,16.78848
3320,ZC,ŽC3294,Staza,LC33129,LC33120,2.7,45.32613,16.590072
3119,ZC,ŽC3290,Kolarić,DC1,DC216,10.5,45.32825,15.61572
2131,ZC,ŽC3284,Marčani,DC43,LC31126,6.7,,
2216,ZC,ŽC3272,Badljevina - istok,ŽC3172,DC5,4.4,45.51385,17.2025
3117,ZC,ŽC3266,Gornji Popovac,LC34153,ŽC3303,5.3,45.1162,15.59482
3115,ZC,ŽC3258,Gornje Taborište,DC1,LC34140,0.3,45.12545,15.57995
3116,ZC,ŽC3256,Slunj centar,LC34151,DC1,0.7,45.11488,15.57858
3031,ZC,ŽC3254,Puškarići,LC34098,DC42,0.8,45.26783,15.19815
3416,ZC,ŽC3252,Stari Grabovac,DC312,LC33144,11.4,45.32202,17.00992
3213,ZC,ŽC3234,Ravno Rašće,DC6,LC33196,2.2,45.29982,16.13362
3211,ZC,ŽC3231,Gornje Selište,DC6,LC33086,1.9,45.32197,16.0691
3123,ZC,ŽC3229,Staro Selo Topusko,LC33080,ŽC3228,12.2,45.267,15.97167
3212,ZC,ŽC3201,Hrastovica,DC30,ŽC3235,6.9,45.40795,16.29333
3118,ZC,ŽC3189,Krnjak,LC34114,DC1,3.4,45.3369,15.60265
2416,ZC,ŽC4067,Brođanci,DC2,ŽC4081,5.3,45.54462,18.44967
2414,ZC,ŽC4050,Belišće - istok,DC517,ŽC4051,3.3,45.67365,18.41348
2519,ZC,ŽC4042,Lug,LC44139,ŽC4056,6.2,45.6658,18.75995
2518,ZC,ŽC4041,Jagodnjak,DC517,ŽC4054,13.9,45.69785,18.6063
2413,ZC,ŽC4031,Šljivoševci,DC53,ŽC4049,2.6,45.656905,18.216835
3518,ZC,ŽC4030,Gradac,LC41056,DC38,3.0,45.298,17.80806
3519,ZC,ŽC4030,Ferovac,ŽC4101,LC41043,3.7,45.38545,17.86167
2312,ZC,ŽC4030,Orahovica,ŽC4070,LC40080,1.3,45.52767,17.87872
2311,ZC,ŽC4030,Crnac,ŽC4045,LC40065,2.8,45.68133,17.93488
2308,ZC,ŽC4030,Krčenik,DC34,ŽC4045,10.2,45.75367,17.96798
2309,ZC,ŽC4024,Čađavica,LC40041,DC34,5.3,45.76377,17.83185
2310,ZC,ŽC4024,Suhopolje,DC538,LC40027,1.8,45.80928,17.52287
2222,ZC,ŽC4022,Borova,G.A.P.,LC40024,2.3,45.78817,17.45792
2221,ZC,ŽC4007,Rogovac,DC2,ŽC4008,4.5,45.90542,17.29468
2227,ZC,ŽC4002,Velika Pisanica,LC37081,DC28,2.1,,
2220,ZC,ŽC4002,Otrovanec,DC2,LC40002,3.2,45.93257,17.21563
3417,ZC,ŽC4158,Mašić,LC42005,ŽC4156,7.0,45.26575,17.32475
3730,ZC,ŽC4150,Petrovci,G.A.P.,LC46013,3.7,45.29638,18.9487
3414,ZC,ŽC4141,Cernik,ŽC4139,ŽC4158,1.9,45.27172,17.38337
3729,ZC,ŽC4137,Bogdanovci,DC55,G.A.P.,9.3,45.33732,18.9278
3725,ZC,ŽC4133,Vrbica,LC44135,DC46,2.6,45.30472,18.55957
3724,ZC,ŽC4130,Semeljci,LC44134,ŽC4132,1.5,45.358418,18.534916
3728,ZC,ŽC4121,Korog,ŽC4122,ŽC4148,6.3,45.40283,18.7494
3523,ZC,ŽC4116,Vetovo,ŽC4101,DC51,7.0,45.40627,17.78853
3521,ZC,ŽC4115,Alilovci,ŽC4101,G.A.P.,6.2,45.3816,17.69413
3522,ZC,ŽC4113,Pasikovci - sjever,DC38,LC41022,5.5,45.39058,17.50845
3727,ZC,ŽC4111,Bobota,DC2,LC46002,3.1,45.4263,18.85748
3628,ZC,ŽC4106,Krndija,ŽC4105,LC44105,3.4,45.45245,18.38127
3627,ZC,ŽC4105,Budimci,LC44048,ŽC4080,5.2,45.46088,18.3187
3527,ZC,ŽC4100,Donji Lipovac,LC42010,ŽC4158,4.4,,
2520,ZC,ŽC4085,Livana,ŽC4247,G.A.P.,1.9,45.52865,18.605824
2412,ZC,ŽC4075,Pribiševci,ŽC4076,DC53,2.8,45.53087,18.09035
2837,ZC,ŽC5012,Permani,ŽC5015,DC8,1.2,45.4143,14.2987
2756,ZC,ŽC5011,Buzet,GP,DC44,7.3,45.43262,13.96642
2753,ZC,ŽC5007,Karojba,LC50059,ŽC5042,1.9,45.31115,13.82395
4502,ZC,ŽC4299,Vrbanja,DC537,ŽC4230,8.7,44.99607,18.93082
2521,ZC,ŽC4257,Mece,LC44033,ŽC4042,6.2,45.62138,18.71712
3526,ZC,ŽC4244,Malino,LC42028,ŽC4204,3.5,45.17042,17.7144
3415,ZC,ŽC4236,Dobrovac,LC41005,DC47,4.0,45.4227,17.12823
3736,ZC,ŽC4224,Komletinci,DC537,ŽC4225,11.0,,
3735,ZC,ŽC4218,Babina Greda,ŽC4220,LC46017,5.5,,
3623,ZC,ŽC4210,Gornja Vrba,G.A.P.,LC42058,1.0,45.15477,18.06332
3631,ZC,ŽC4202,Čajkovci,ŽC4190,DC7,4.8,45.19715,18.38118
3624,ZC,ŽC4202,Bukovlje,LC42040,ŽC4187,3.9,45.18367,18.07475
3517,ZC,ŽC4202,Gromačnik,DC525,G.A.P.,3.6,45.17862,17.95947
3811,ZC,ŽC4173,Lovas,ŽC4174,DC46,5.9,45.1736,19.15615
3731,ZC,ŽC4170,Andrijaševci,ŽC4166,ŽC4167,5.8,45.21747,18.72817
3413,ZC,ŽC4158,Rešetari,ŽC4142,ŽC4143,3.0,45.25657,17.42747
2943,ZC,ŽC5094,Donji Zagon,DC8,LC58083,3.9,45.13663,14.80615
2760,ZC,ŽC5079,Laginji,LC50113,LC50111,4.4,,
2752,ZC,ŽC5077,Frkeči,LC50140,LC50112,2.4,45.07493,13.98323
2766,ZC,ŽC5072,Sveti Lovreč - zapad,LC50090,ŽC5209,5.6,,
2940,ZC,ŽC5062,Fužine,DC3,ŽC5068,6.9,45.3104,14.71617
2945,ZC,ŽC5059,Krasica,ŽC5205,ŽC5060,5.7,45.315,14.54625
2839,ZC,ŽC5055,Dražice,LC58021,ŽC5028,1.7,45.3739,14.47395
2840,ZC,ŽC5047,Rubeši,LC58043,ŽC5019,1.2,45.36877,14.336
2832,ZC,ŽC5047,Bregi,ŽC5048,ŽC5052,5.4,45.345646,14.296192
2759,ZC,ŽC5046,Novaki Pazinski,G.A.P.,LC50079,1.0,,
2758,ZC,ŽC5042,Nova Vas,LC50046,AC9,4.0,,
2939,ZC,ŽC5034,Ravna Gora,AC6,ŽC5069,1.0,45.37927,14.91563
2942,ZC,ŽC5033,Kuželj,G.P.,DC203,12.0,45.47837,14.80535
2834,ZC,ŽC5025,Viškovo,ŽC5017,LC58018,1.9,45.389379,14.387194
2833,ZC,ŽC5021,Kastav,ŽC5206,ŽC5020,1.5,45.37384,14.355996
2838,ZC,ŽC5017,Škalnica,LC58012,LC58013,0.806,45.4688,14.29863
5007,ZC,ŽC5203,Malovan,ŽC6009,DC1,1.1,44.25507,16.0573
3912,ZC,ŽC5200,Pomer,G.A.P.,ŽC5119,1.1,44.83612,13.89905
3035,ZC,ŽC5191,Jezerane - zapad,ŽC5094,DC23,25.7,45.0551,15.20515
2941,ZC,ŽC5191,Sunger,ŽC5068,LC58060,5.2,45.32628,14.81542
4932,ZC,ŽC5165,Gornja Ploča,LC59111,LC59113,2.3,,
4220,ZC,ŽC5155,Perušić zona,AC1,LC59146,3.8,44.66532,15.41913
4222,ZC,ŽC5140,Krasno - istok,ŽC5126,ŽC5146,5.7,44.82017,15.06876
4108,ZC,ŽC5139,Rab,LC58105,DC105,3.8,44.761072,14.764098
4221,ZC,ŽC5128,Podum,LC59034,DC50,2.2,44.8793,15.25558
4223,ZC,ŽC5126,Krasno,ŽC5140,LC59029,0.2,44.82303,15.04963
4112,ZC,ŽC5126,Oltari,DC8,LC59133,14.7,44.87398,14.98197
2944,ZC,ŽC5125,Punat,DC102,Stara Baška,12.1,45.03935,14.62588
4004,ZC,ŽC5122,Pavićini,ŽC5119,D. Uvala,2.1,44.92543,14.01665
3913,ZC,ŽC5115,Šurida,LC50162,Padulj,1.4,44.90073,13.83005
2835,ZC,ŽC5103,Salakovci,DC66,LC50150,4.8,45.07048,14.09312
2754,ZC,ŽC5096,Kokuletovica,ŽC5175,ŽC5186,7.7,45.06228,13.69205
5323,ZC,ŽC6064,Vrana,ŽC6042,LC63180,5.0,43.928897,15.508452
5431,ZC,ŽC6055,Oklaj,LC65014,DC6056,2.0,43.96048,16.07927
4826,ZC,ŽC6042,Galovac,ŽC6040,LC63113,3.7,44.0823,15.35648
4812,ZC,ŽC6040,Zemunik Donji - sjever,LC63065,ŽC6011,0.9,44.106901,15.380551
4926,ZC,ŽC6027,Buković,LC63123,LC63130,1.1,44.029945,15.638516
4933,ZC,ŽC6026,Zelengrad,LC63082,ŽC6025,8.8,,
4928,ZC,ŽC6025,Bilišane,ŽC6026,LC63082,5.9,44.19113,15.69435
4830,ZC,ŽC6019,Posedarje,DC8,ŽC6020,1.1,44.20897,15.46382
4824,ZC,ŽC6011,Ninski Stanovi,ŽC6004,ŽC6007,9.7,44.232001,15.191193
4823,ZC,ŽC6007,Mazija,ŽC6011,G.A.P.,1.7,44.180973,15.273056
2702,ZC,ŽC5220,Kaštel,DC510,LC50012,3.2,45.444182,13.655949
4923,ZC,ŽC5217,Mazin - jug,LC59118,DC1,21.6,,
4305,ZC,ŽC5217,Donji Lapac,ŽC5218,ŽC5168,3.6,,
2761,ZC,ŽC5209,Medaki,AC9,DC75,1.7,,
2721,ZC,ŽC5209,Baderna - sjever,LC50095,DC48,2.7,45.216,13.75257
2911,ZC,ŽC5205,Mavrinci,AC6,LC58110,4.8,45.34317,14.50155
6024,ZC,ŽC6182,Kamenmost,DC60,LC67162,2.0,43.429298,17.198879
5925,ZC,ŽC6166,Omiš,DC8,LC67123,4.6,43.44752,16.6945
5920,ZC,ŽC6161,Supetar,DC113,LC67171,5.3,43.3809,16.5667
6033,ZC,ŽC6157,Glavina Donja,LC67157,DC60,1.2,43.4416,17.20263
6040,ZC,ŽC6155,Lovreć,LC67108,DC60,5.8,,
5535,ZC,ŽC6154,Aržano,ŽC6153,DC39,3.1,,
5532,ZC,ŽC6150,Ugljane,LC67092,DC60,1.2,,
5513,ZC,ŽC6142,Strožanac,DC8,G.A.P.,1.9,43.504931,16.534171
5425,ZC,ŽC6133,Pantana,ŽC6291,DC126,1.3,43.522321,16.263668
5427,ZC,ŽC6130,Marina - sjever,LC67055,DC8,0.3,43.515564,16.108802
5330,ZC,ŽC6126,Rogoznica,DC8,Rogozn.,1.1,43.53828,15.96783
5428,ZC,ŽC6115,Dugobabe,LC67061,ŽC6113,2.0,43.614968,16.404682
5433,ZC,ŽC6098,Radošić,LC67057,LC67020,1.9,43.6047,16.32748
5432,ZC,ŽC6092,Radonić,G.A.P.,LC65049,1.8,43.77503,16.03707
5332,ZC,ŽC6086,Tribunj,ŽC6286,LC65032,2.1,43.75897,15.75415
5337,ZC,ŽC6086,Vodice - sjever,DC8,ŽC6286,1.2,43.77404,15.77287
5529,ZC,ŽC6260,Bisko,ŽC6147,ŽC6148,2.2,43.58025,16.68303
5525,ZC,ŽC6260,Dugopolje - sjever,ŽC6145,ŽC6146,4.8,43.595529,16.578366
5446,ZC,ŽC6253,Solin Širina,LC67065,DC8,1.0,43.53762,16.48833
5508,ZC,ŽC6253,Klis,LC67075,LC67074,3.9,43.558157,16.518926
6607,ZC,ŽC6240,Čilipi,DC8,LC69054,3.4,42.55265,18.27557
6606,ZC,ŽC6238,Cavtat,Cavtat,DC8,2.6,42.57618,18.23395
6508,ZC,ŽC6228,Trnova,LC69083,LC69068,1.2,42.80955,17.85758
6507,ZC,ŽC6227,Bistrina,LC69088,DC8,1.4,42.87515,17.6999
6110,ZC,ŽC6218,Vid,G.P.,DC62,6.5,,
6107,ZC,ŽC6217,Banja,DC8,LC69009,2.4,43.04423,17.50217
6034,ZC,ŽC6209,Orah,LC67207,G.P.,0.7,43.2161,17.42448
6035,ZC,ŽC6208,Staševica,LC69085,ŽC6276,6.8,43.13627,17.43262
6023,ZC,ŽC6208,Vrgorac,AC1,ŽC6211,0.9,43.193037,17.379942
6025,ZC,ŽC6199,Gornje Igrane,DC62,DC512,11.2,43.236934,17.145951
6041,ZC,ŽC6198,Podgora,DC512,DC8,5.4,,
5921,ZC,ŽC6191,Bol,ŽC6190,DC115,19.6,43.2639,16.61397
1141,LC,LC22030,Lučelnica,LC22077,ŽC2215,3.4,,
1140,LC,LC22010,Ravninsko,DC1,DC74,7.3,,
1320,LC,LC20039,Prelog,LC20038,LC20091,2.5,46.3236,16.63718
1239,LC,LC20033,Vularija,G.A.P.,LC20028,0.6,46.33413,16.46712
5430,ZC,ŽC6296,Drniš - zapad,LC65027,ŽC6055,3.1,43.85705,16.1479
6505,ZC,ŽC6295,Zamaslina,LC69066,DC237,5.1,42.831077,17.733162
6509,ZC,ŽC6294,Doli - sjever,ŽC6228,DC8,4.3,42.81928,17.81163
5406,ZC,ŽC6293,Seget Donji,ŽC6129,DC8,8.9,43.520073,16.221039
5527,ZC,ŽC6289,Grab,LC67047,DC220,1.5,43.64573,16.75562
5528,ZC,ŽC6287,Bajagić,ŽC6105,DC219,8.0,43.7506,16.671
5327,ZC,ŽC6286,Vodice,ŽC6086,G.A.P.,2.5,43.762897,15.778421
5307,ZC,ŽC6277,Bilice,G.A.P.,LC65040,2.9,43.772393,15.92277
6009,ZC,ŽC6276,Baćina,LC69003,DC8,1.4,43.067538,17.430759
6302,ZC,ŽC6268,Čara,LC69021,LC69022,1.1,42.93515,16.94465
5923,ZC,ŽC6263,Blato na Cetini,ŽC6260,DC70,2.8,43.46562,16.83878
5922,ZC,ŽC6260,Katuni,LC67100,DC39,2.44,43.45863,16.90483
3214,LC,LC33042,Cepeliš,LC33046,LC33197,9.7,,
2138,LC,LC33023,Čaire,LC33025,ŽC3164,4.6,,
2137,LC,LC33018,Moslavačka Slatina,M. Slat.,ŽC3124,7.0,,
2059,LC,LC31178,Deanovec,ŽC3125,ŽC3127,5.7,,
2058,LC,LC31108,Martin Breg,ŽC3034,LC10162,2.0,,
1952,LC,LC31102,Stupnički Obrež,DC1,LC31103,2.6,,
2139,LC,LC31075,Žabnica,ŽC3041,LC31074,2.9,,
2057,LC,LC31039,Paukovec,ŽC3039,LC31105,3.5,,
1407,LC,LC26157,Molve - jug,DC210,ŽC2184,7.3,,
1337,LC,LC26154,Koprivnički Ivanec,ŽC2112,DC20,3.5,,
1406,LC,LC26108,Đurđevac - istok,LC26107,ŽC2214,1.6,,
1248,LC,LC26003,Vukovec,DC22,LC26047,2.8,46.10798,16.4193
1252,LC,LC25150,Ljubešćica - istok,DC24,LC25147,2.8,46.16193,16.38968
1338,LC,LC25100,Čukovec,ŽC2079,DC2,3.0,,
1264,LC,LC25084,Novakovec,DC2,ŽC2052,4.1,,
1263,LC,LC25037,Pešćenica Vinička,LC25037,ŽC2056,3.6,,
2524,LC,LC44055,Petrijevci - jug,DC34,DC2,2.0,,
3528,LC,LC42036,Jelas Polje,ŽC4206,ŽC4228,9.8,,
3418,LC,LC42016,Donji Bogićevci,ŽC4155,DC5,8.8,,
3520,LC,LC41077,Velika,ŽC4253,ŽC4101,4.5,45.43888,17.65838
3529,LC,LC41059,Frkljevci,DC525,ŽC4185,2.7,,
2314,LC,LC40074,Bukvik,ŽC4070,ŽC4062,4.3,,
2313,LC,LC40029,Budanica,LC40030,LC40031,0.9,,
2228,LC,LC40022,Donje Cjepidlake,Removac,LC37132,4.0,,
2229,LC,LC40003,Pitomača Dravska,DC2,LC40004,6.5,,
2135,LC,LC37008,Kovačevac,DC28,LC26121,3.2,,
3039,LC,LC34137,Cerovnik,DC23,kraj ceste,6.9,,
3124,LC,LC34120,Veljun,LC34122,DC1,1.7,,
3038,LC,LC34104,Tounj,ŽC3175,ŽC3220,11.1,,
3319,LC,LC33141,Kozarice,ŽC3124,LC33142,3.6,,
3125,LC,LC33080,Roknići,ŽC3228,ŽC3229,9.0,,
3317,LC,LC33071,Mišinka,LC33070,ŽC3213,6.3,45.492,16.82925
4312,LC,LC59064,Debelo Brdo,DC1,DC25,8.6,,
4224,LC,LC59019,Kompolje,DC50,ŽC5140,2.9,44.89338,15.18327
4111,LC,LC59001,Senj,LC59008,DC8,8.8,44.99435,14.90147
4005,LC,LC58115,Nerezine,DC100,DC100,3.6,44.6447,14.39283
2841,LC,LC50185,Štrmac,ŽC5081,DC66,0.8,,
3914,LC,LC50158,Marana,ŽC5115,ŽC5192,2.1,,
2836,LC,LC50120,Tupljak,LC50086,DC64,3.7,45.19518,14.0926
2764,LC,LC50109,Mandalenčići,ŽC5079,LC50110,2.8,,
2763,LC,LC50040,Fiorini,DC75,ŽC5070,4.2,,
3732,LC,LC46042,Županja - sjever,ŽC4170,LC46043,0.5,45.09478,18.702
3737,LC,LC46026,Privlaka,ŽC4172,LC46027,3.5,,
3733,LC,LC44110,Antunovac,DC518,G.A.P.,6.3,,
3633,LC,LC44099,Ostrošinci,DC515,ŽC4118,9.3,,
3632,LC,LC44093,Ceremošnjak,ŽC4168,LC44095,8.8,,
3734,LC,LC44086,Marinovci,DC213,LC44115,3.3,,
3726,LC,LC44083,Silaš,LC44114,ŽC4122,2.2,45.4245,18.77347
1927,DC,DC1,Veliko Trgovišće,DC307,ŽC2217,4.5,45.99009,15.851
1128,DC,DC1,Zabok,ŽC2264,DC205,3.5,,
1146,DC,DC1,Sveti Križ Začretje,ŽC2158,ŽC2195,6.0,46.07782,15.91342
1122,DC,DC1,Čveki,DC35,ŽC2159,2.5,46.082966,15.91693
1104,DC,DC1,Đurmanec,DC207,DC206,4.7,46.193698,15.843882
1101,DC,DC1,Macelj,ŽC2258,LC22001,3.0,46.259363,15.860228
