cesta,counter_id,naziv,pocetak,kraj,v_max_dop,v_avg_smjer1,v_avg_smjer2,v85_smjer1,v85_smjer2,year,v_avg,v85_avg
DC1,1101,Macelj,W’’@?,D207,60,77.0,83.0,88.0,95.0,2021,80.0,91.5
DC1,1104,"X(cid:5)(cid:4)""(cid:3)(cid:19)(cid:9)!",D207,D206,60,79.0,80.0,92.0,92.0,2021,79.5,92.0
DC1,1122,Y(cid:15)(cid:9)(cid:22)(cid:7),D35,W’)@?,50,63.0,66.0,72.0,75.0,2021,64.5,73.5
DC1,1146,&(cid:15)(cid:9)(cid:8)(cid:7)(cid:18)9(cid:4)(cid:7)(cid:28)(cid:18)(cid:17)(cid:3)(cid:6)(cid:4)(cid:9)(cid:8)(cid:11)(cid:9),W’)@?,W’)[@,50,61.0,64.0,71.0,75.0,2021,62.5,73.0
DC1,1927,;(cid:9)(cid:10)(cid:7)(cid:22)(cid:20)(cid:18)(cid:27)(cid:4)#(cid:20)(cid:15)(cid:7)(cid:16)(cid:31)(cid:9),D307,W’’)5,90/60,81.0,82.0,92.0,92.0,2021,81.5,92.0
DC1,1937,Pojatno,W\(\],A2,60,84.0,86.0,95.0,95.0,2021,85.0,95.0
DC1,1935,Gornji Stupnik,L31102,W\(]),50,71.0,76.0,82.0,88.0,2021,73.5,85.0
DC1,1929,9(cid:10)(cid:7)(cid:19)(cid:6)(cid:3)(cid:18)&(cid:9)(cid:10)(cid:3),W\)(],L31143,50,64.0,65.0,72.0,75.0,2021,64.5,73.5
DC1,1928,Izimje,W\)(’,L31136,50,70.0,70.0,80.0,82.0,2021,70.0,81.0
DC1,1954,Lug - jug,W\)Q],D228,50,65.0,69.0,75.0,78.0,2021,67.0,76.5
DC1,3114,Karlovac (smjer Slunj),D228,D3,70,66.0,73.0,77.0,84.0,2021,69.5,80.5
DC1,3114,Karlovac (smjer Jastrebarsko),D3,D228,70,71.0,61.0,86.0,73.0,2021,66.0,79.5
DC1,3101,(cid:27)(cid:5)(cid:16)(cid:7)(cid:10)(cid:20)(cid:15)(cid:7)(cid:31),W\)??,L34082,70,72.0,77.0,80.0,88.0,2021,74.5,84.0
DC1,3105,Blagaj,L34120,L34140,80,76.0,83.0,86.0,95.0,2021,79.5,90.5
DC1,3106,Slunj,L34140,W\’@?,60,69.0,70.0,78.0,82.0,2021,69.5,80.0
DC1,4313,Sadilovac,L34160,L59136,40,78.0,71.0,90.0,84.0,2021,74.5,87.0
DC1,4308,Prijeboj - sjeveroistok,L59027,W@’(),80,96.0,102.0,112.0,120.0,2021,99.0,116.0
DC1,4309,Korenica,D52,L59045,70,68.0,74.0,78.0,82.0,2021,71.0,80.0
DC1,4304,^(cid:20)(cid:16)(cid:3)(cid:19),L59064,W@)[@,80,83.0,92.0,95.0,106.0,2021,87.5,100.5
DC1,4901,_(cid:5)(cid:8)(cid:7)(cid:10)(cid:7)(cid:31)(cid:18)+%(cid:21)(cid:25)(cid:7)(cid:19)(cid:3)*,L59101,L59117,80,93.0,96.0,106.0,112.0,2021,94.5,109.0
DC1,4907,‘(cid:4)(cid:3)(cid:6)(cid:3)!(cid:18)a(cid:18)(cid:7)(cid:23)(cid:8)(cid:20)(cid:22),D27,L63033,50,70.0,74.0,80.0,88.0,2021,72.0,84.0
DC1,5002,",(cid:3)$(cid:9)(cid:19)(cid:9)",L65008,D59,90,90.0,89.0,106.0,104.0,2021,89.5,105.0
DC1,5010,&(cid:8)(cid:3)(cid:4)(cid:3)(cid:18)&(cid:8)(cid:4)(cid:3)(cid:28)(cid:3),D59,L65004,90,91.0,98.0,109.0,116.0,2021,94.5,112.5
DC1,5418,Kijevo,W](@?,W](?\,60,80.0,78.0,95.0,92.0,2021,79.0,93.5
DC1,5524,Sinj,W]))?,D219,50,70.0,74.0,80.0,84.0,2021,72.0,82.0
DC1,5504,Brnaze,D60,L67041,50,63.0,61.0,73.0,69.0,2021,62.0,71.0
DC1,5526,Dicmo,W]))],W])’(,60,69.0,72.0,78.0,82.0,2021,70.5,80.0
DC1,5523,Dugopolje (smjer Split),A1,D56,90,88.0,112.0,103.0,125.0,2021,100.0,114.0
DC1,5523,Dugopolje (smjer A1),D56,A1,90,97.0,107.0,112.0,120.0,2021,102.0,116.0
DC1,5441,"b(cid:4)(cid:3)(cid:6)(cid:9)(cid:15)(cid:3)!(cid:18)+(cid:23)""(cid:11)(cid:9)(cid:4)(cid:18)&(cid:24)(cid:10)(cid:7)(cid:8)*",D56,D8,50,39.0,40.0,61.0,61.0,2021,39.5,61.0
DC1,5441,"b(cid:4)(cid:3)(cid:6)(cid:9)(cid:15)(cid:3)!(cid:18)+(cid:23)""(cid:11)(cid:9)(cid:4)(cid:18)b(cid:5)#(cid:20)(cid:24)(cid:20)(cid:10)(cid:11)(cid:9)*",D8,D56,80,74.0,82.0,84.0,90.0,2021,78.0,87.0
DC2,1203,b(cid:5)(cid:25)(cid:4)(cid:3)(cid:15)(cid:3)(cid:18)9(cid:4)(cid:7)(cid:28)(cid:20)(cid:15)(cid:10)(cid:11)(cid:3)(cid:19)(cid:23)(cid:22)(cid:3),GP,L25001,50,65.0,64.0,75.0,73.0,2021,64.5,74.0
DC2,1208,Majerje,W’(Q],W’(\5,50,60.0,61.0,67.0,68.0,2021,60.5,67.5
DC2,1235,4(cid:4)(cid:3)(cid:16)(cid:31)(cid:7)!(cid:3),L25194,D35,80,91.0,94.0,106.0,109.0,2021,92.5,107.5
DC2,1266,",(cid:20)(cid:10)(cid:11)(cid:3)(cid:19)(cid:3)(cid:18)/(cid:7)(cid:16)(cid:22)(cid:5)(cid:24)(cid:9)(cid:6)(cid:22)(cid:3)",W’(@(,D228,80,89.0,89.0,100.0,100.0,2021,89.0,100.0
DC2,1210,";(cid:3)(cid:4)(cid:3)(cid:28)(cid:21)(cid:7)(cid:19)(cid:18)a(cid:18)(cid:11)(cid:5)#(cid:18)+(cid:23)""(cid:11)(cid:9)(cid:4)(cid:18)(cid:23)(cid:11)(cid:9)(cid:15)(cid:9)(cid:4)*",D528,D3,70,77.0,79.0,88.0,90.0,2021,78.0,89.0
DC2,1210,";(cid:3)(cid:4)(cid:3)(cid:28)(cid:21)(cid:7)(cid:19)(cid:18)a(cid:18)(cid:11)(cid:5)#(cid:18)+(cid:23)""(cid:11)(cid:9)(cid:4)(cid:18)(cid:11)(cid:5)#*",D3,D528,90,79.0,83.0,90.0,92.0,2021,81.0,91.0
DC2,1244,(cid:27)(cid:4)(cid:19)(cid:20)(cid:15)(cid:9)!(cid:18)/(cid:3)(cid:4)(cid:8)(cid:20)(cid:10)(cid:20)(cid:15)(cid:9)(cid:6)(cid:22)(cid:7),W’(@\,L25082,90,83.0,85.0,95.0,100.0,2021,84.0,97.5
DC2,1307,Ludbreg - zapad,L25094,W’(5@,60,66.0,68.0,73.0,78.0,2021,67.0,75.5
DC2,1323,Koprivnica - jug,D41,D41,70,70.0,71.0,80.0,82.0,2021,70.5,81.0
DC2,1312,",(cid:10)(cid:3)(cid:15)(cid:16)(cid:7)(cid:19)(cid:3)!",L26034,L26100,60,69.0,71.0,80.0,84.0,2021,70.0,82.0
DC2,1403,X(cid:5)(cid:4)$(cid:9)(cid:15)(cid:3)!,W’’Q5,L26112,60,68.0,65.0,78.0,75.0,2021,66.5,76.5
DC2,2201,"9(cid:10)(cid:20)(cid:16)(cid:8)(cid:3)(cid:4)(cid:18),(cid:20)(cid:21)(cid:4)(cid:3)(cid:15)(cid:23)(cid:22)(cid:7)",W’)?@,L40001,50/70,71.0,71.0,84.0,82.0,2021,71.0,83.0
DC2,2217,",(cid:7)(cid:8)(cid:20)""(cid:3)(cid:6)(cid:3)(cid:18)a(cid:18)(cid:7)(cid:23)(cid:8)(cid:20)(cid:22)",WQ((’,L40005,70,62.0,62.0,71.0,72.0,2021,62.0,71.5
DC2,2203,Virovitica,L40020,WQ(’Q,50,69.0,67.0,78.0,77.0,2021,68.0,77.5
DC2,2302,Cabuna,L40034,L40036,70,72.0,71.0,82.0,84.0,2021,71.5,83.0
DC2,2307,Slatina obilaznica,WQ(’@,D34,90,97.0,100.0,116.0,120.0,2021,98.5,118.0
DC2,2305,Y(cid:3)(cid:6)(cid:7)(cid:19)!(cid:7)(cid:18)a(cid:18)(cid:11)(cid:5)#,WQ(]\,D314,70,86.0,85.0,100.0,100.0,2021,85.5,100.0
DC2,3635,Martin,D53,WQ(55,60,70.0,69.0,82.0,80.0,2021,69.5,81.0
DC2,2407,(cid:2)(cid:3)(cid:16)(cid:7)!(cid:9),L44044,L44045,50,75.0,83.0,88.0,100.0,2021,79.0,94.0
DC2,2508,":(cid:23)(cid:7)(cid:11)(cid:9)(cid:22)(cid:18)(cid:11)(cid:5)(cid:28)(cid:19)(cid:3)(cid:18)(cid:20)(cid:25)(cid:7)(cid:10)(cid:3)(cid:14)(cid:19)(cid:7)!(cid:3)(cid:18)+(cid:23)""(cid:11)(cid:9)(cid:4)(cid:18)(cid:7)(cid:23)(cid:8)(cid:20)(cid:22)*",D7,_(cid:3)(cid:19)(cid:21)(cid:7)(cid:31)(cid:3),90,98.0,103.0,110.0,116.0,2021,100.5,113.0
DC2,2508,":(cid:23)(cid:7)(cid:11)(cid:9)(cid:22)(cid:18)(cid:11)(cid:5)(cid:28)(cid:19)(cid:3)(cid:18)(cid:20)(cid:25)(cid:7)(cid:10)(cid:3)(cid:14)(cid:19)(cid:7)!(cid:3)(cid:18)+(cid:23)""(cid:11)(cid:9)(cid:4)(cid:18)(cid:14)(cid:3)(cid:24)(cid:3)(cid:21)*",_(cid:3)(cid:19)(cid:21)(cid:7)(cid:31)(cid:3),D7,90,94.0,106.0,109.0,116.0,2021,100.0,112.5
DC2,3701,Klisa aerodrom - sjever,L44115,D418,60,88.0,88.0,103.0,106.0,2021,88.0,104.5
DC2,3723,Vukovar (smjer Sotin),D55,D57,50,70.0,72.0,82.0,82.0,2021,71.0,82.0
DC2,3723,Vukovar (smjer Klisa),D57,D55,50,68.0,72.0,77.0,82.0,2021,70.0,79.5
DC2,3801,Sotin,WQ)@’,L46013,50,59.0,62.0,68.0,72.0,2021,60.5,70.0
DC3,1234,Y(cid:3)(cid:22)(cid:20)(cid:15)(cid:9)!,D20,W’(\),80,76.0,77.0,88.0,88.0,2021,76.5,88.0
DC3,1205,",(cid:5)(cid:16)(cid:31)(cid:7)(cid:19)(cid:9)",D208,L20048,90,82.0,82.0,95.0,95.0,2021,82.0,95.0
DC3,1221,Novi Marof,L25131,W’)\],50,69.0,69.0,77.0,78.0,2021,69.0,77.5
DC3,1245,Paka,W’)\Q,W’)5),90,77.0,80.0,88.0,90.0,2021,78.5,89.0
DC3,2003,/(cid:10)(cid:3)(cid:28)(cid:9)(cid:15)(cid:18)b(cid:20)(cid:10),L31036,W\()],70,73.0,72.0,82.0,82.0,2021,72.5,82.0
DC3,3003,Duga Resa,W\)?),D23,50,58.0,61.0,67.0,69.0,2021,59.5,68.0
DC3,3032,c(cid:7)(cid:16)(cid:19)(cid:7)!(cid:3),L34065,L34064,60,74.0,74.0,84.0,84.0,2021,74.0,84.0
DC3,3005,Vrbovsko,L58032,L58037,60,71.0,69.0,82.0,78.0,2021,70.0,80.0
DC3,2905,Delnice,D203,D32,50,54.0,56.0,63.0,64.0,2021,55.0,63.5
DC5,2214,Virovitica obilaznica sjever,WQ’Q[,D2,90,103.0,105.0,124.0,128.0,2021,104.0,126.0
DC5,2215,Virovitica obilaznica jug,D2,WQ’@),90,98.0,103.0,116.0,124.0,2021,100.5,120.0
DC5,2205,"‘(cid:4)(cid:5)(cid:25)(cid:7)(cid:16)(cid:19)(cid:20)(cid:18),(cid:20)(cid:10)(cid:11)(cid:9)",W\([Q,W\)\[,50,55.0,50.0,65.0,59.0,2021,52.5,62.0
DC5,2206,9(cid:20)(cid:19)(cid:6)(cid:3)(cid:19)(cid:7)!(cid:3)(cid:18)a(cid:18)(cid:14)(cid:3)(cid:24)(cid:3)(cid:21),L37118,W\)\?,80,69.0,71.0,78.0,82.0,2021,70.0,80.0
DC5,2230,Doljani,W\’[),W\)5’,50,50.0,57.0,56.0,65.0,2021,53.5,60.5
DC5,2213,Badljevina,W\’5’,L41002,50,51.0,55.0,58.0,64.0,2021,53.0,61.0
DC5,3411,Filipovac,L41014,D47,70,63.0,64.0,72.0,75.0,2021,63.5,73.5
DC5,3406,Cage,L42001,W\’@’,70,77.0,78.0,90.0,92.0,2021,77.5,91.0
DC5,3412,:(cid:22)(cid:5)(cid:6)(cid:3)(cid:19)(cid:7),WQ’Q),WQ)@?,50,61.0,60.0,71.0,69.0,2021,60.5,70.0
DC5,3410,&(cid:8)(cid:3)(cid:4)(cid:3)(cid:18)‘(cid:4)(cid:3)(cid:21)(cid:7)(cid:16)(cid:22)(cid:3),WQ’’],WQ’’5,90,67.0,71.0,82.0,86.0,2021,69.0,84.0
DC6,1806,Jurovski Brod,D228,L34005,60,61.0,62.0,69.0,72.0,2021,61.5,70.5
DC6,3102,Gvozd - zapad,L33075,W\)?],50,69.0,68.0,82.0,80.0,2021,68.5,81.0
DC7,2501,b(cid:5)(cid:25)(cid:20)(cid:16)(cid:9)(cid:15)(cid:7)!(cid:3),GP,WQ()),90,82.0,88.0,100.0,109.0,2021,85.0,104.5
DC7,2503,Karanac (Beli Manastir),D517,D212,70,77.0,78.0,90.0,90.0,2021,77.5,90.0
DC7,2513,Osijek sj. obilaznica,WQ’@5,WQ(]?,90,78.0,74.0,90.0,86.0,2021,76.0,88.0
DC7,2512,Y(cid:9)(cid:24)(cid:7)(cid:19),D2,D4247,90,97.0,98.0,109.0,112.0,2021,97.5,110.5
DC7,3705,Vuka,WQ)(5,L44107,50,86.0,91.0,100.0,106.0,2021,88.5,103.0
DC7,3634,X(cid:3)(cid:22)(cid:20)(cid:15)(cid:20)(cid:18)(cid:20)(cid:25)(cid:7)(cid:10)(cid:3)(cid:14)(cid:19)(cid:7)!(cid:3),D515,A5,60,75.0,82.0,90.0,95.0,2021,78.5,92.5
DC7,3606,Vrpolje,L44138,WQ’(’,40,60.0,58.0,69.0,67.0,2021,59.0,68.0
DC7,3615,Sikirevci - jug,WQ’’(,L42049,50,67.0,72.0,80.0,86.0,2021,69.5,83.0
DC8,2801,Pasjak,L58011,A7,80,77.0,77.0,90.0,90.0,2021,77.0,90.0
DC8,2804,_(cid:5)(cid:6)(cid:7)(cid:31)(cid:7),W@()],L58015,50,61.0,69.0,69.0,78.0,2021,65.0,73.5
DC8,2917,Kostrena,L58054,D40,90,68.0,66.0,78.0,75.0,2021,67.0,76.5
DC8,2923,Crikvenica,W@([),W@([),60/80,68.0,72.0,78.0,80.0,2021,70.0,79.0
DC8,2929,Sibinj Krmpotski,W@)([,L59001,90,83.0,81.0,97.0,93.0,2021,82.0,95.0
DC8,4207,Karlobag,D25,L63025,40,50.0,50.0,58.0,58.0,2021,50.0,58.0
DC8,4810,Murvica,W]()),L63167,70,58.0,56.0,65.0,64.0,2021,57.0,64.5
DC8,4825,Bibinje,D424,W](\[,50/70,65.0,63.0,78.0,71.0,2021,64.0,74.5
DC8,5305,Pirovac,W](]?,D59,90,76.0,84.0,86.0,95.0,2021,80.0,90.5
DC8,5335,Vodice obilaznica,W](?],W]’?],60,75.0,74.0,84.0,82.0,2021,74.5,83.0
DC8,5308,d(cid:7)(cid:25)(cid:9)(cid:19)(cid:7)(cid:22),W](??,L65037,50,56.0,62.0,67.0,72.0,2021,59.0,69.5
DC8,5336,3(cid:3)(cid:28)(cid:7)(cid:19)(cid:9),D58,L65075,60,75.0,67.0,86.0,77.0,2021,71.0,81.5
DC8,5309,‘(cid:4)(cid:9)(cid:25)(cid:3)(cid:16)(cid:8)(cid:7)!(cid:3),D58,W])’5,90,62.0,67.0,69.0,75.0,2021,64.5,72.0
DC8,5325,",(cid:4)(cid:7)""(cid:20)(cid:16)(cid:8)(cid:9)(cid:19)(cid:18)a(cid:18)(cid:11)(cid:5)#",L65075,L65077,60,78.0,79.0,92.0,95.0,2021,78.5,93.5
DC8,5407,Marina,L65078,W])\(,50,67.0,69.0,80.0,82.0,2021,68.0,81.0
DC8,5438,Plano (smjer Split),D315,D409,80,76.0,85.0,88.0,97.0,2021,80.5,92.5
DC8,5438,Plano (smjer Trogir),D409,D315,80,74.0,75.0,88.0,91.0,2021,74.5,89.5
DC8,5423,Solin (smjer Split),W])\5,W])\[,60,66.0,70.0,78.0,82.0,2021,68.0,80.0
DC8,5423,Solin (smjer Trogir),W])\[,W])\5,100,85.0,91.0,97.0,100.0,2021,88.0,98.5
DC8,5422,"&(cid:8)(cid:20)(cid:25)(cid:4)(cid:9)(cid:6)(cid:18)+(cid:23)""(cid:11)(cid:9)(cid:4)(cid:18):""(cid:7)(cid:16)*",D410,W])Q\,70,65.0,76.0,75.0,84.0,2021,70.5,79.5
DC8,5422,"&(cid:8)(cid:20)(cid:25)(cid:4)(cid:9)(cid:6)(cid:18)+(cid:23)""(cid:11)(cid:9)(cid:4)(cid:18)&(cid:24)(cid:10)(cid:7)(cid:8)*",W])Q\,D410,70,70.0,78.0,80.0,86.0,2021,74.0,83.0
DC8,5902,Jesenice,W])]’,L67112,50,56.0,57.0,62.0,64.0,2021,56.5,63.0
DC8,5916,":""(cid:7)(cid:16)(cid:18)a(cid:18)(cid:14)(cid:3)(cid:24)(cid:3)(cid:21)",L67120,D70,50,32.0,34.0,40.0,42.0,2021,33.0,41.0
DC8,5910,Brela,D39,L67144,50,60.0,67.0,68.0,75.0,2021,63.5,71.5
DC8,5926,"/(cid:3)(cid:16)(cid:22)(cid:20)(cid:18),(cid:20)(cid:10)(cid:11)(cid:9)",D76,L67179,80,73.0,82.0,86.0,106.0,2021,77.5,96.0
DC8,6004,W(cid:7)(cid:15)(cid:20)#(cid:20)(cid:16)(cid:31)(cid:9),L67197,D412,60,68.0,71.0,75.0,80.0,2021,69.5,77.5
DC8,6010,Rogotin,L69086,L69005,50,55.0,56.0,62.0,63.0,2021,55.5,62.5
DC8,6501,Klek,L69029,W]’5[,60,67.0,73.0,77.0,86.0,2021,70.0,81.5
DC8,6503,Zaton Doli,W]’’5,D414,90,81.0,84.0,92.0,97.0,2021,82.5,94.5
DC8,6601,Zaton,L69047,W]’@Q,60,60.0,62.0,68.0,71.0,2021,61.0,69.5
DC8,6608,Vidikovac,D420,D223,90,61.0,65.0,69.0,72.0,2021,63.0,70.5
DC8,6602,Kupari,L69050,W]’Q\,60,57.0,61.0,64.0,71.0,2021,59.0,67.5
DC8,6604,Gruda,L69055,W]’Q),70,65.0,65.0,77.0,77.0,2021,65.0,77.0
DC9,6104,Kula Norinska,L69013,L69012,90,83.0,82.0,97.0,95.0,2021,82.5,96.0
DC10,2008,Sveta Helena (smjer Sv. Helena),A4,D41,110,116.0,126.0,133.0,138.0,2021,121.0,135.5
DC10,2008,Sveta Helena (smjer Dubrava),D41,A4,110,115.0,125.0,133.0,138.0,2021,120.0,135.5
DC10,2030,Vrbovec obilaznica (smjer Dubrava),D41,W\(5[,100,112.0,126.0,128.0,139.0,2021,119.0,133.5
DC10,2030,Vrbovec obilaznica (smjer Sv. Helena),W\(5[,D41,100,112.0,119.0,128.0,133.0,2021,115.5,130.5
DC10,2143,"(cid:27)(cid:4)(cid:9)""(cid:20)(cid:15)(cid:3)(cid:6)(cid:22)(cid:7)(cid:18)(cid:24)(cid:20)(cid:8)(cid:20)(cid:22)(cid:18)+(cid:23)""(cid:11)(cid:9)(cid:4)(cid:18)9(cid:4)(cid:7)(cid:28)(cid:9)(cid:15)!(cid:7)*",D28,D22,100,116.0,125.0,133.0,144.0,2021,120.5,138.5
DC10,2143,"(cid:27)(cid:4)(cid:9)""(cid:20)(cid:15)(cid:3)(cid:6)(cid:22)(cid:7)(cid:18)(cid:24)(cid:20)(cid:8)(cid:20)(cid:22)(cid:18)+(cid:23)""(cid:11)(cid:9)(cid:4)(cid:18)9(cid:20)(cid:19)(cid:3)(cid:22)*",D22,D28,100,116.0,118.0,133.0,133.0,2021,117.0,133.0
DC12,2150,Haganj (smjer Zvonik),D10,D544,100,124.0,131.0,144.0,150.0,2021,127.5,147.0
DC12,2150,Haganj (smjer Fuka),D544,D10,100,114.0,127.0,133.0,150.0,2021,120.5,141.5
DC14,1143,Mokrice,D307,W’)[5,100,98.0,99.0,112.0,112.0,2021,98.5,112.0
DC14,1145,Bedekovcina,W’)[5,W’)[?,100,99.0,104.0,112.0,120.0,2021,101.5,116.0
DC20,1319,Ivanovec,W’(’’,A4,60,79.0,80.0,90.0,92.0,2021,79.5,91.0
DC20,1340,Prelog - istok,W’(’],L20040,70,77.0,77.0,90.0,88.0,2021,77.0,89.0
DC20,1324,Koprivnica - sjever,L26154,D2,90,77.0,81.0,90.0,95.0,2021,79.0,92.5
DC22,1233,_(cid:20)(cid:28)$(cid:9)(cid:19)(cid:9)!,D3,D24,80,79.0,80.0,90.0,92.0,2021,79.5,91.0
DC22,1268,Orehovec,W’)5],W’)55,50,54.0,57.0,63.0,68.0,2021,55.5,65.5
DC22,2125,Trema,L26069,W’’’?,90,84.0,82.0,100.0,100.0,2021,83.0,100.0
DC23,3008,/(cid:9)(cid:10)(cid:3)(cid:15)(cid:7)(cid:31)(cid:7),L34062,W\)5],60,69.0,69.0,80.0,80.0,2021,69.0,80.0
DC23,3014,Munjava,D42,L34137,60,61.0,58.0,72.0,69.0,2021,59.5,70.5
DC23,4101,Senj - istok,L59009,D8,50,55.0,58.0,63.0,68.0,2021,56.5,65.5
DC24,1230,9(cid:20)(cid:19)(cid:11)(cid:16)(cid:6)(cid:7)(cid:19)(cid:3),W’)5(,L22022,50,57.0,59.0,71.0,72.0,2021,58.0,71.5
DC24,1222,Novi Marof zapad,L25134,L25132,50,59.0,59.0,68.0,67.0,2021,59.0,67.5
DC24,1237,c(cid:11)(cid:5)(cid:25)(cid:9)(cid:16)(cid:31)(cid:7)!(cid:3),W’)\],L25150,90,73.0,71.0,84.0,82.0,2021,72.0,83.0
DC25,1269,;(cid:3)(cid:4)(cid:3)(cid:28)(cid:21)(cid:7)(cid:19)(cid:23)(cid:22)(cid:9)(cid:18)(cid:27)(cid:20)(cid:24)(cid:10)(cid:7)!(cid:9),D526,L25143,70,68.0,61.0,78.0,69.0,2021,64.5,73.5
DC25,4206,Budak,D50,D534,50,62.0,63.0,71.0,72.0,2021,62.5,71.5
DC25,4209,(cid:2)(cid:20)(cid:15)(cid:20)(cid:23)(cid:9)(cid:10)(cid:20)(cid:18)(cid:27)(cid:4)(cid:19)(cid:20)(cid:15)(cid:3)(cid:6)(cid:22)(cid:20),W@)]’,W@)]\,70,70.0,72.0,84.0,86.0,2021,71.0,85.0
DC26,2036,Konak,A12,L31069,50,58.0,65.0,69.0,75.0,2021,61.5,72.0
DC26,2218,Uljanik,L37145,L37142,70,77.0,80.0,90.0,92.0,2021,78.5,91.0
DC27,4912,(cid:17)(cid:3)(cid:8)(cid:20)(cid:19)(cid:18):(cid:25)(cid:4)(cid:20)(cid:15)(cid:3)(cid:6)(cid:22)(cid:7),W](’5,W](’?,70,68.0,62.0,78.0,72.0,2021,65.0,75.0
DC27,4915,Benkovac,W](Q?,L63123,90/60,89.0,86.0,106.0,100.0,2021,87.5,103.0
DC27,5303,‘(cid:3)(cid:31)(cid:9)(cid:10)(cid:9)(cid:14)(cid:7),D59,W](5),60,90.0,92.0,106.0,109.0,2021,91.0,107.5
DC28,2103,&(cid:15)(cid:9)(cid:8)(cid:7)(cid:18)(cid:13)(cid:15)(cid:3)(cid:19)(cid:18)W(cid:3)(cid:25)(cid:19)(cid:20),W\(Q),W’’’[,50,68.0,70.0,77.0,78.0,2021,69.0,77.5
DC28,2102,Predavac,W\(’’,D524,50,48.0,56.0,55.0,64.0,2021,52.0,59.5
DC28,2104,Bjelovarska obilaznica,W\(’’,D43,90/60,65.0,70.0,73.0,82.0,2021,67.5,77.5
DC28,2106,Prespa,W\(Q?,W\(?5,70,70.0,69.0,80.0,78.0,2021,69.5,79.0
DC29,1231,Zlatar Bistrica,D24,W’’(’,90,70.0,71.0,82.0,82.0,2021,70.5,82.0
DC29,2004,9(cid:3)(cid:16)(cid:7)(cid:19)(cid:3),L10004,W)((),70,75.0,76.0,88.0,88.0,2021,75.5,88.0
DC30,2019,Lekenik,L33006,W\’\(,50,65.0,65.0,73.0,73.0,2021,65.0,73.0
DC30,2020,W(cid:3)(cid:28)(cid:7)(cid:19)(cid:3),D36,W\)@],50,63.0,65.0,71.0,73.0,2021,64.0,72.0
DC30,3208,Brest Pokupski,W\’Q’,D37,50,59.0,62.0,67.0,69.0,2021,60.5,68.0
DC30,3311,Hrvatska Kostajnica,D224,L33159,50,42.0,41.0,47.0,46.0,2021,41.5,46.5
DC33,5001,Knin - sjever,L65009,W](?(,60,64.0,66.0,75.0,80.0,2021,65.0,77.5
DC33,5003,Knin - jug,D1,W](@],50,59.0,61.0,72.0,71.0,2021,60.0,71.5
DC33,5442,_(cid:20)(cid:23)(cid:9)(cid:31),D56,W]([Q,70,70.0,70.0,80.0,78.0,2021,70.0,79.0
DC33,5412,Pakovo Selo,W]([Q,L65083,70,100.0,102.0,116.0,120.0,2021,101.0,118.0
DC33,5322,b(cid:5)(cid:25)(cid:4)(cid:3)(cid:15)(cid:3)(cid:18)d(cid:7)(cid:25)(cid:9)(cid:19)(cid:23)(cid:22)(cid:3),W]([),D8,70,73.0,81.0,82.0,90.0,2021,77.0,86.0
DC34,2411,Podravska Moslavina,WQ(\(,WQ(\),90,94.0,97.0,112.0,112.0,2021,95.5,112.0
DC34,2419,Donji Miholjac obilaznica,WQ(\’,D53,90,85.0,85.0,97.0,97.0,2021,85.0,97.0
DC34,2405,d(cid:3)#,WQ(@),L44028,70,72.0,69.0,86.0,82.0,2021,70.5,84.0
DC35,1213,Greda,L25042,W’(]\,60,60.0,63.0,68.0,72.0,2021,61.5,70.0
DC35,1216,9(cid:3)(cid:19)(cid:7)(cid:28)(cid:3)(cid:18)(cid:14)(cid:3)(cid:24)(cid:3)(cid:21),W’(?Q,W’)(’,50/70,75.0,75.0,88.0,86.0,2021,75.0,87.0
DC35,1123,"‘(cid:20)(cid:4)(cid:19)(cid:11)(cid:3)(cid:18)d(cid:9)""(cid:19)(cid:7)!(cid:3)",W’)’@,W’)’’,50,68.0,73.0,78.0,86.0,2021,70.5,82.0
DC36,3201,"(cid:2)(cid:20)(cid:15)(cid:20)(cid:18)&(cid:9)(cid:10)(cid:20)(cid:18),(cid:3)(cid:10)(cid:3)(cid:19)(cid:11)(cid:9)(cid:6)(cid:22)(cid:20)",W\’(],L33055,60,61.0,62.0,68.0,70.0,2021,61.5,69.0
DC36,2127,",(cid:20)(cid:24)(cid:20)(cid:15)(cid:3)(cid:6)(cid:3)(cid:18)a(cid:18)(cid:14)(cid:3)(cid:24)(cid:3)(cid:21)",A3,W\)’Q,50,59.0,59.0,67.0,68.0,2021,59.0,67.5
DC37,3202,(cid:2)(cid:20)(cid:15)(cid:20)(cid:18)&(cid:9)(cid:10)(cid:7)(cid:16)(cid:8)(cid:9),D30,W\)[?,50,66.0,63.0,75.0,72.0,2021,64.5,73.5
DC38,3507,Pleternica - istok,L41078,L41063,50,68.0,65.0,82.0,77.0,2021,66.5,79.5
DC39,5908,Cista Provo - jug,L67137,W])5),80,92.0,90.0,106.0,106.0,2021,91.0,106.0
DC39,5903,Gornja Brela,W])]],L67134,60,69.0,70.0,77.0,80.0,2021,69.5,78.5
DC41,1311,Sokolovac,L26006,L26073,60,61.0,65.0,69.0,75.0,2021,63.0,72.0
DC42,4314,Y(cid:3)(cid:8)(cid:4)(cid:19)(cid:11)(cid:3),L34161,D1,60,71.0,74.0,82.0,84.0,2021,72.5,83.0
DC43,1314,Hampovica,W’)?\,W’’\],50,59.0,57.0,67.0,64.0,2021,58.0,65.5
DC43,2140,Kupinovac,W\(’?,D28,60,67.0,68.0,77.0,78.0,2021,67.5,77.5
DC44,2145,Bjelovar,D28,D544,50,62.0,64.0,71.0,72.0,2021,63.0,71.5
DC43,2108,Narta - sjever,D28,W\(?Q,60,72.0,78.0,84.0,90.0,2021,75.0,87.0
DC43,2015,Caginec,W\)’Q,W\(5Q,50,62.0,61.0,69.0,69.0,2021,61.5,69.0
DC44,2806,Lupoglav - sjever,L50080,W@()Q,50,63.0,70.0,75.0,82.0,2021,66.5,78.5
DC45,2207,Veliki Zdenci,W\)\],W\)\\,70,70.0,68.0,86.0,90.0,2021,69.0,88.0
DC45,2115,Kapelica,D26,L37138,50,54.0,54.0,62.0,63.0,2021,54.0,62.5
DC45,3321,Kutina - sjever,W\)]\,L33070,50,57.0,56.0,64.0,64.0,2021,56.5,64.0
DC46,3708,Stari Mikanovci,WQ)\\,WQ)]],70,64.0,65.0,73.0,75.0,2021,64.5,74.0
DC46,3722,Vinkovci obilaznica,D518,D55,80,76.0,73.0,88.0,84.0,2021,74.5,86.0
DC46,3711,Srijemske Laze,WQ)@(,L46027,50,50.0,58.0,57.0,68.0,2021,54.0,62.5
DC46,3810,Tovarnik,WQ’\\,GP,60,66.0,67.0,82.0,82.0,2021,66.5,82.0
DC47,3306,/(cid:4)(cid:20)(cid:6)(cid:7)!(cid:9),W\’@(,W\’@\,80,82.0,83.0,95.0,95.0,2021,82.5,95.0
DC49,3531,Batrina istok,WQ)@?,WQ’QQ,70,68.0,70.0,78.0,82.0,2021,69.0,80.0
DC50,4203,:(cid:8)(cid:20)(cid:6)(cid:3)!(cid:18)+/(cid:4)(cid:10)(cid:20)#*,A1,W@)Q(,50,72.0,76.0,84.0,90.0,2021,74.0,87.0
DC50,4205,c(cid:7)(cid:6)(cid:22)(cid:20)(cid:18)c(cid:9)(cid:16)(cid:31)(cid:9),W@)QQ,W@)Q5,50,53.0,52.0,63.0,61.0,2021,52.5,62.0
DC50,4905,Sveti Rok,A1,L59116,50,74.0,75.0,95.0,100.0,2021,74.5,97.5
DC51,3530,/(cid:9)(cid:22)(cid:8)(cid:9)(cid:28),WQ))5,L41045,50,79.0,76.0,95.0,90.0,2021,77.5,92.5
DC51,3524,Eminovci,L41033,D38,50,54.0,53.0,60.0,59.0,2021,53.5,59.5
DC51,3515,Oblakovac,D38,L41019,50,74.0,77.0,86.0,90.0,2021,75.5,88.0
DC52,4204,Vrhovine,W@)\(,L59140,90,74.0,80.0,86.0,92.0,2021,77.0,89.0
DC53,2417,Donji Miholjac,WQ’[@,D34,90,56.0,55.0,65.0,64.0,2021,55.5,64.5
DC53,3603,‘(cid:4)(cid:3)(cid:21)(cid:3)!(cid:18)(cid:2)(cid:3)(cid:16)(cid:7)(cid:6)(cid:22)(cid:7),L44094,D51,50,72.0,69.0,86.0,82.0,2021,70.5,84.0
DC53,3607,3(cid:3)(cid:23)(cid:8)(cid:5)(cid:16)(cid:11)(cid:9),L42038,L42039,50,57.0,59.0,64.0,68.0,2021,58.0,66.0
DC53,3516,Slavonski Brod,D525,D72,60,72.0,75.0,82.0,86.0,2021,73.5,84.0
DC55,3706,(cid:2)(cid:5)(cid:16)(cid:8)(cid:3)(cid:4),WQ)\Q,Zvonimirov,50,62.0,59.0,71.0,67.0,2021,60.5,69.0
DC55,3710,Kunjevci,WQ)[’,WQ)[\,60,81.0,84.0,97.0,97.0,2021,82.5,97.0
DC55,3719,W(cid:5)(cid:24)(cid:3)(cid:19)(cid:11)(cid:3),L46045,GP,40,35.0,43.0,48.0,56.0,2021,39.0,52.0
DC56,4829,Tromilja,D502,W](’),60,77.0,82.0,86.0,92.0,2021,79.5,89.0
DC56,4916,3(cid:3)(cid:16)(cid:8)(cid:9)(cid:15)(cid:7)(cid:31),L63178,L63203,70,88.0,92.0,103.0,109.0,2021,90.0,106.0
DC56,5329,/(cid:5)(cid:10)(cid:7)(cid:31),L63151,L63151,50,78.0,78.0,92.0,95.0,2021,78.0,93.5
DC56,5306,Skradin,W](5@,G.A.P.,40,36.0,38.0,47.0,49.0,2021,37.0,48.0
DC56,5413,Kljake,W]([5,W]([[,50,82.0,87.0,95.0,100.0,2021,84.5,97.5
DC58,5326,Bioci,luka,D8,50,64.0,64.0,75.0,77.0,2021,64.0,76.0
DC58,5320,Donje Polje,D8,D531,60,67.0,73.0,78.0,86.0,2021,70.0,82.0
DC58,5406,Seget Donji,W])’[,D8,50,64.0,64.0,73.0,72.0,2021,64.0,72.5
DC59,5319,Y(cid:7)(cid:23)(cid:8)(cid:3)(cid:18)_(cid:3)(cid:10)(cid:3)(cid:18)a(cid:18)(cid:11)(cid:5)#,W](5),D27,80,90.0,92.0,103.0,103.0,2021,91.0,103.0
DC60,5510,Cista Velika,L67226,W])@\,60,85.0,86.0,100.0,100.0,2021,85.5,100.0
DC60,6001,Grubine,L67159,W])?],60,63.0,65.0,71.0,73.0,2021,64.0,72.0
DC62,6014,Zagvozd,D76,L67143,50,47.0,54.0,53.0,63.0,2021,50.5,58.0
DC64,2820,",(cid:7)(cid:31)(cid:3)(cid:19)",L50086,L50123,50,65.0,68.0,75.0,77.0,2021,66.5,76.0
DC66,2815,&(cid:8)(cid:9)(cid:24)(cid:6)(cid:7)(cid:31)(cid:7),L50185,D64,60,67.0,70.0,78.0,80.0,2021,68.5,79.0
DC66,2814,Medveja,W@(?’,W@(@(,40,60.0,58.0,68.0,67.0,2021,59.0,67.5
DC66,2813,Opatija - jug,W@(Q?,W@(@),50,50.0,52.0,57.0,59.0,2021,51.0,58.0
DC70,5918,":""(cid:7)(cid:16)(cid:18)a(cid:18)(cid:23)(cid:11)(cid:9)(cid:15)(cid:9)(cid:4)",D8,W])]@,50,44.0,46.0,54.0,54.0,2021,45.0,54.0
DC72,3626,Slavonski Brod 2,D53,D423,50,49.0,52.0,57.0,59.0,2021,50.5,58.0
DC74,1126,Bednja,L25013,L25108,40,57.0,57.0,64.0,66.0,2021,57.0,65.0
DC75,2708,Dajla,L50040,D301,50,58.0,59.0,67.0,69.0,2021,58.5,68.0
DC75,2765,Vrvari,L50046,D302,70,59.0,64.0,67.0,72.0,2021,61.5,69.5
DC75,2757,Funtana,L50091,W@(5),60,64.0,60.0,72.0,68.0,2021,62.0,70.0
DC75,2717,Bale,W@([?,W@([],60,65.0,66.0,80.0,82.0,2021,65.5,81.0
DC76,6026,Tunel Sveti Ilija,L67177,A1,100,79.0,84.0,88.0,95.0,2021,81.5,91.5
DC77,2751,"W""(cid:7)(cid:19)(cid:11)",W@(55,L50132,60,75.0,79.0,86.0,90.0,2021,77.0,88.0
DC77,3915,Vodnjan,L50144,W@)(),50,79.0,81.0,90.0,95.0,2021,80.0,92.5
DC100,4006,Cres,D101,W@)’Q,40,78.0,77.0,90.0,90.0,2021,77.5,90.0
DC100,4003,e(cid:5)(cid:19)(cid:23)(cid:22)(cid:7),L58115,W@)@5,60,66.0,65.0,75.0,77.0,2021,65.5,76.0
DC102,2922,":""(cid:7)(cid:16)(cid:3)(cid:10)(cid:11)",W@(?\,L58065,90,81.0,77.0,92.0,86.0,2021,79.0,89.0
DC102,2934,Krk,W@)\),W@)\),80,78.0,81.0,88.0,92.0,2021,79.5,90.0
DC104,2947,&(cid:8)(cid:4)(cid:7)(cid:10)(cid:6)(cid:7)(cid:31)(cid:7),L58070,L58085,60,79.0,80.0,92.0,95.0,2021,79.5,93.5
DC105,4106,Barbat na Rabu,W@)\[,TP,40/60,64.0,61.0,75.0,71.0,2021,62.5,73.0
DC106,4822,Vulete,W]()],W]()5,50,76.0,75.0,88.0,88.0,2021,75.5,88.0
DC113,5907,Supetar - jug,D114,L67172,60,50.0,47.0,56.0,54.0,2021,48.5,55.0
DC116,5917,Jelsa,L67194,L67196,90,68.0,65.0,78.0,77.0,2021,66.5,77.5
DC118,6403,W(cid:4)(cid:19)(cid:20)(cid:15)(cid:20),L69073,L69073,60,76.0,78.0,90.0,92.0,2021,77.0,91.0
DC121,5338,Ivinj,W](?@,L65032,60,71.0,73.0,80.0,82.0,2021,72.0,81.0
DC126,5443,Trogir,W])\\,W])\Q,50,49.0,45.0,55.0,53.0,2021,47.0,54.0
DC126,5445,Mastrinka,W])\Q,W])\],40,58.0,58.0,67.0,65.0,2021,58.0,66.0
DC200,2701,Plovanija,GP,D510,60,57.0,57.0,64.0,65.0,2021,57.0,64.5
DC204,3040,Bosanci,D3,W\)5@,50,76.0,76.0,86.0,86.0,2021,76.0,86.0
DC207,1124,Hromec,GP,W’([],50,69.0,67.0,78.0,78.0,2021,68.0,78.0
DC209,1001,_(cid:5)(cid:4)(cid:23)(cid:22)(cid:20)(cid:18)&(cid:4)(cid:9)(cid:21)(cid:7)(cid:16)(cid:31)(cid:9),W’((\,L20003,50,53.0,52.0,62.0,61.0,2021,52.5,61.5
DC209,1201,d(cid:9)(cid:19)(cid:22)(cid:20)(cid:15)(cid:9)!,W’()],D227,50,53.0,57.0,60.0,65.0,2021,55.0,62.5
DC212,2502,Suza,WQ(\5,L44011,60,75.0,74.0,86.0,86.0,2021,74.5,86.0
DC213,2511,Bijelo Brdo,L44084,L44085,70,79.0,76.0,92.0,90.0,2021,77.5,91.0
DC214,4501,Posavski Podgajci,WQ’\(,L46054,90,90.0,93.0,106.0,109.0,2021,91.5,107.5
DC216,3109,Miholjsko,W\’’Q,L34144,50,74.0,77.0,86.0,88.0,2021,75.5,87.0
DC217,4301,"c(cid:7)(cid:6)(cid:22)(cid:20)(cid:18),(cid:9)(cid:8)(cid:4)(cid:20)(cid:15)(cid:20)(cid:18)&(cid:9)(cid:10)(cid:20)",D504,GP,60,69.0,67.0,80.0,78.0,2021,68.0,79.0
DC220,5520,e(cid:3)(cid:24)(cid:20)(cid:4)(cid:7)!(cid:9),W]’](,D60,90,91.0,100.0,106.0,113.0,2021,95.5,109.5
DC223,6610,Dubac,W]’Q\,D8,50,67.0,64.0,77.0,73.0,2021,65.5,75.0
DC224,3304,Sunja,W\’QQ,W\’)),50,54.0,56.0,62.0,64.0,2021,55.0,63.0
DC227,1243,Brezje,W’()@,D209,90,76.0,78.0,88.0,88.0,2021,77.0,88.0
DC228,1805,Kamanje,L34021,W\’[],80,63.0,61.0,72.0,69.0,2021,62.0,70.5
DC228,1934,_(cid:3)(cid:30)(cid:7)(cid:31)(cid:19)(cid:20),W\)Q\,D1,50,60.0,60.0,69.0,68.0,2021,60.0,68.5
DC231,1933,Sveta Nedelja,W\(]),A3,50,54.0,56.0,62.0,64.0,2021,55.0,63.0
DC306,4808,9(cid:20)(cid:28)(cid:7)(cid:19)(cid:20),L63049,L63052,90,72.0,72.0,82.0,82.0,2021,72.0,82.0
DC307,1936,Oroslavje,L22069,L22069,50,51.0,51.0,57.0,58.0,2021,51.0,57.5
DC310,1953,Jastrebarsko,L31139,A1,50/60,72.0,70.0,84.0,84.0,2021,71.0,84.0
DC408,2035,Velika Gorica (smjer DC30) zr.,luka,D30,80,68.0,71.0,82.0,86.0,2021,69.5,84.0
DC408,2035,";(cid:9)(cid:10)(cid:7)(cid:22)(cid:3)(cid:18)‘(cid:20)(cid:4)(cid:7)!(cid:3)(cid:18)+(cid:23)""(cid:11)(cid:9)(cid:4)(cid:18)(cid:14)(cid:4)(cid:3)(cid:6)(cid:19)(cid:3)(cid:18)(cid:10)(cid:5)(cid:22)(cid:3)* D30",zr.,luka,80,73.0,71.0,86.0,84.0,2021,72.0,85.0
DC409,5444,Divulje,D8,D8,40,55.0,52.0,64.0,62.0,2021,53.5,63.0
DC413,6038,",(cid:10)(cid:20)(cid:6)(cid:9)",D425,W]’)],50,51.0,56.0,61.0,67.0,2021,53.5,64.0
DC414,6502,",(cid:5)(cid:8)(cid:19)(cid:7)(cid:22)(cid:20)(cid:15)(cid:7)(cid:31)",W]’’],L69030,90,78.0,82.0,90.0,92.0,2021,80.0,91.0
DC414,6505,Zamaslina,L69066,D8,50,64.0,68.0,72.0,77.0,2021,66.0,74.5
DC415,6404,Kosarni Do,L69026,D414,60,55.0,58.0,62.0,67.0,2021,56.5,64.5
DC420,6609,Sustjepan,D8,luka,50,60.0,60.0,68.0,67.0,2021,60.0,67.5
DC423,3625,Slavonski Brod 1,D514,D72,50,49.0,49.0,54.0,55.0,2021,49.0,54.5
DC424,4820,"‘(cid:3)(cid:28)(cid:9)(cid:19)(cid:7)!(cid:3)(cid:18)+(cid:23)""(cid:11)(cid:9)(cid:4)(cid:18)=)*",D8,D422,80,113.0,123.0,133.0,139.0,2021,118.0,136.0
DC424,4820,"‘(cid:3)(cid:28)(cid:9)(cid:19)(cid:7)!(cid:3)(cid:18)+(cid:23)""(cid:11)(cid:9)(cid:4)(cid:18)(cid:17)(cid:3)(cid:21)(cid:3)(cid:4)*",D422,D8,80,109.0,117.0,128.0,133.0,2021,113.0,130.5
DC429,4311,Jezerce,L59025,D1,70,71.0,68.0,82.0,82.0,2021,69.5,82.0
DC430,2062,"&(cid:9)(cid:10)(cid:19)(cid:7)!(cid:3)(cid:18)+(cid:23)""(cid:11)(cid:9)(cid:4)(cid:18)(cid:14)(cid:4)(cid:3)(cid:6)(cid:19)(cid:3)(cid:18)(cid:10)(cid:5)(cid:22)(cid:3)* D30",zr.,luka,70,78.0,83.0,90.0,95.0,2021,80.5,92.5
DC430,2062,Selnica (smjer D30) zr.,luka,D30,70,75.0,78.0,89.0,90.0,2021,76.5,89.5
DC500,2811,Vranja,L50084,L50087,50,86.0,85.0,97.0,100.0,2021,85.5,98.5
DC501,2918,9(cid:4)(cid:7)(cid:28)(cid:7)(cid:16)(cid:31)(cid:9),W@(]\,L58107,60,69.0,73.0,82.0,86.0,2021,71.0,84.0
DC512,6039,Stupica,W])[?,W])[[,40,27.0,26.0,43.0,41.0,2021,26.5,42.0
DC514,3622,Slavonski Brod 3,D53,D423,50,68.0,68.0,78.0,80.0,2021,68.0,79.0
DC515,2418,(cid:2)(cid:3)(cid:16)(cid:7)!(cid:9)(cid:18):(cid:25)(cid:7)(cid:10)(cid:3)(cid:14)(cid:19)(cid:7)!(cid:3),D2,WQ)]?,90,76.0,85.0,88.0,100.0,2021,80.5,94.0
DC515,3621,/(cid:4)(cid:3)(cid:6)(cid:9)(cid:15)!(cid:7),L44100,L44101,90,96.0,96.0,116.0,116.0,2021,96.0,116.0
DC517,2413,/(cid:9)(cid:10)(cid:7)(cid:16)(cid:31)(cid:9)a(cid:23)(cid:11)(cid:9)(cid:15)(cid:9)(cid:4),D53,WQ(Q[,50,71.0,68.0,94.0,93.0,2021,69.5,93.5
DC517,2415,Harkanovci,L44050,L44020,50,63.0,63.0,75.0,75.0,2021,63.0,75.0
DC518,2509,Brijest,D2,WQ(?],40,71.0,66.0,80.0,73.0,2021,68.5,76.5
DC518,3741,Jarmina,WQ)\Q,WQ)Q[,80,76.0,82.0,88.0,95.0,2021,79.0,91.5
DC522,4918,Lovinac,L59112,W@)]@,90,90.0,103.0,103.0,116.0,2021,96.5,109.5
DC525,3525,Gornji Andrijevci,WQ’QQ,L42030,50,61.0,62.0,71.0,71.0,2021,61.5,71.0
DC528,1265,Kneginec Donji,D2,W’(5(,80,69.0,77.0,77.0,88.0,2021,73.0,82.5
DC540,2037,Komin,L31003,D3,50,61.0,58.0,71.0,65.0,2021,59.5,68.0
DC541,3042,";(cid:9)(cid:10)(cid:7)(cid:22)(cid:7)(cid:18)_(cid:20)(cid:21)(cid:4)(cid:5)(cid:16)(cid:18),(cid:20)(cid:8)(cid:20)(cid:22)",D6,W\)Q),90,98.0,99.0,112.0,112.0,2021,98.5,112.0
DC543,1943,b(cid:20)(cid:19)(cid:11)(cid:3)(cid:18)(cid:17)(cid:21)(cid:9)(cid:19)(cid:6)(cid:7)(cid:19)(cid:3),D1,L31148,50,58.0,56.0,68.0,65.0,2021,57.0,66.5
DC546,1942,/(cid:4)(cid:10)(cid:9)(cid:19)(cid:7)(cid:31),W\’[5,L31136,90,80.0,80.0,95.0,95.0,2021,80.0,95.0
DC548,2146,/(cid:11)(cid:9)(cid:10)(cid:20)(cid:15)(cid:3)(cid:4)(cid:18)(cid:7)(cid:23)(cid:8)(cid:20)(cid:6)(cid:19)(cid:3)(cid:18)(cid:20)(cid:25)(cid:7)(cid:10)(cid:3)(cid:14)(cid:19)(cid:7)!(cid:3),W\(’5,D28,50,86.0,87.0,100.0,103.0,2021,86.5,101.5
A7,2823,Rujevica (smjer D8),A8,D427,90,86.0,93.0,100.0,107.0,2021,89.5,103.5
A7,2823,Rujevica (smjer GP Rupa),D427,A8,90,79.0,88.0,91.0,97.0,2021,83.5,94.0
Ner,2014,Velika Mlaka (smjer Velika Gorica) V. Mlaka,V.,Gorica,80,85.0,91.0,100.0,106.0,2021,88.0,103.0
Ner,2014,Velika Mlaka (smjer Zagreb) V. Gorica,V.,Mlaka,80,88.0,94.0,100.0,106.0,2021,91.0,103.0
DC1,1104,Đurmanec,D207,D206,60,79.0,79.0,92.0,90.0,2022,79.0,91.0
DC1,1122,Čveki,D35,Ž2158,50,62.0,65.0,72.0,73.0,2022,63.5,72.5
DC1,1146,Sveti Križ Začretje,Ž2158,Ž2195,50,62.0,64.0,71.0,75.0,2022,63.0,73.0
DC1,1927,Veliko Trgovišće,D307,Ž2217,90/60,80.0,81.0,90.0,92.0,2022,80.5,91.0
DC1,1937,Pojatno,Ž3036,A2,90,84.0,86.0,95.0,95.0,2022,85.0,95.0
DC1,1935,Gornji Stupnik,L31102,Ž3061,50,70.0,74.0,80.0,84.0,2022,72.0,82.0
DC1,1929,Klinča Sela,Ž3106,L31143,50,63.0,65.0,72.0,73.0,2022,64.0,72.5
DC1,1928,Izimje,Ž3102,L31136,50,70.0,71.0,80.0,82.0,2022,70.5,81.0
DC1,1954,Lug - jug,Ž3146,D228,50,65.0,70.0,75.0,80.0,2022,67.5,77.5
DC1,3114,Karlovac (smjer Slunj),D228,D3,70,67.0,74.0,78.0,86.0,2022,70.5,82.0
DC1,3114,Karlovac (smjer Jastrebarsko),D3,D228,70,68.0,59.0,84.0,72.0,2022,63.5,78.0
DC1,3101,Tušilović,Ž3188,L34082,70,71.0,76.0,78.0,88.0,2022,73.5,83.0
DC1,3105,Blagaj,L34120,L34140,80,74.0,79.0,84.0,92.0,2022,76.5,88.0
DC1,3106,Slunj,L34140,Ž3258,60,69.0,69.0,78.0,80.0,2022,69.0,79.0
DC1,4313,Sadilovac,L34160,L59136,40,77.0,69.0,90.0,82.0,2022,73.0,86.0
DC1,4308,Prijeboj - sjeveroistok,L59027,Ž5201,80,93.0,100.0,109.0,116.0,2022,96.5,112.5
DC1,4309,Korenica,D52,L59045,90,67.0,67.0,77.0,77.0,2022,67.0,77.0
DC1,4304,Jošan,L59064,Ž5195,80,81.0,90.0,92.0,106.0,2022,85.5,99.0
DC1,5002,Pađene,L65008,D59,90,93.0,89.0,106.0,103.0,2022,91.0,104.5
DC1,5010,Stara Straža,D59,L65004,90,92.0,99.0,109.0,116.0,2022,95.5,112.5
DC1,5418,Kijevo,Ž6058,Ž6083,60,79.0,77.0,92.0,92.0,2022,78.0,92.0
DC1,5524,Sinj,Ž6118,D219,50,69.0,72.0,78.0,82.0,2022,70.5,80.0
DC1,5504,Brnaze,D60,L67041,50,60.0,58.0,71.0,67.0,2022,59.0,69.0
DC1,5526,Dicmo,Ž6116,Ž6120,60,68.0,71.0,77.0,80.0,2022,69.5,78.5
DC1,5523,Dugopolje (smjer Split),A1,D56,90,86.0,103.0,101.0,114.0,2022,94.5,107.5
DC1,5523,Dugopolje (smjer A1),D56,A1,90,96.0,104.0,109.0,116.0,2022,100.0,112.5
DC1,5441,Dračevac (smjer Split),D56,D8,50,35.0,41.0,59.0,62.0,2022,38.0,60.5
DC1,5441,Dračevac (smjer Dugopolje),D8,D56,80,73.0,81.0,84.0,90.0,2022,77.0,87.0
DC2,1203,Dubrava Križovljanska,GP,L25001,50,64.0,64.0,73.0,73.0,2022,64.0,73.0
DC2,1208,Majerje,Ž2046,Ž2037,50,61.0,62.0,68.0,69.0,2022,61.5,68.5
DC2,1235,Hrašćica,L25194,D35,80,92.0,95.0,106.0,109.0,2022,93.5,107.5
DC2,1266,Poljana Biškupečka,Ž2050,D228,80,91.0,90.0,103.0,103.0,2022,90.5,103.0
DC2,1210,Varaždin - jug (smjer sjever),D528,D3,90,78.0,78.0,90.0,92.0,2022,78.0,91.0
DC2,1210,Varaždin - jug (smjer jug),D3,D528,90,80.0,80.0,90.0,92.0,2022,80.0,91.0
DC2,1244,Trnovec Bartolovečki,Ž2053,L25082,90,83.0,83.0,95.0,100.0,2022,83.0,97.5
DC2,1307,Ludbreg - zapad,L25094,Ž2075,60,67.0,67.0,75.0,78.0,2022,67.0,76.5
DC2,1323,Koprivnica - jug,D41,D41,70,68.0,68.0,78.0,80.0,2022,68.0,79.0
DC2,1312,Plavšinac,L26034,L26100,60,69.0,72.0,80.0,84.0,2022,70.5,82.0
DC2,1403,Đurđevac,Ž2247,L26112,60,67.0,63.0,78.0,72.0,2022,65.0,75.0
DC2,2201,Kloštar Podravski,Ž2185,L40001,50/70,71.0,72.0,84.0,84.0,2022,71.5,84.0
DC2,2217,Pitomača - istok,Ž4002,L40005,70,62.0,63.0,71.0,72.0,2022,62.5,71.5
DC2,2203,Virovitica,L40020,Ž4024,50,69.0,67.0,78.0,78.0,2022,68.0,78.0
DC2,2302,Cabuna,L40034,L40036,70,71.0,70.0,82.0,82.0,2022,70.5,82.0
DC2,2307,Slatina obilaznica,Ž4025,D34,90,96.0,100.0,112.0,120.0,2022,98.0,116.0
DC2,2305,Čačinci - jug,Ž4063,D314,70,85.0,85.0,100.0,100.0,2022,85.0,100.0
DC2,3635,Martin,D53,Ž4077,50,70.0,68.0,80.0,78.0,2022,69.0,79.0
DC2,2407,Našice,L44044,L44045,50,75.0,83.0,88.0,97.0,2022,79.0,92.5
DC2,2406,Bizovac - zapad,Ž4067,Ž4060,50,48.0,48.0,56.0,59.0,2022,48.0,57.5
DC2,2508,Osijek južna obilaznica (smjer istok),D7,Mandića,90,96.0,103.0,109.0,116.0,2022,99.5,112.5
DC2,2508,,Mandića,D7,110,95.0,95.0,109.0,116.0,2022,95.0,112.5
DC2,3723,Vukovar (smjer Sotin),D55,D57,50,70.0,73.0,82.0,84.0,2022,71.5,83.0
DC2,3723,Vukovar (smjer Klisa),D57,D55,50,69.0,73.0,78.0,82.0,2022,71.0,80.0
DC2,3801,Sotin,Ž4152,L46013,50,60.0,63.0,69.0,73.0,2022,61.5,71.0
DC2,3809,Ilok,Ž4199,Ž4200,90,86.0,86.0,103.0,103.0,2022,86.0,103.0
DC3,1234,Čakovec,D20,Ž2031,80,76.0,76.0,86.0,88.0,2022,76.0,87.0
DC3,1205,Pušćine,D208,L20048,90,83.0,83.0,95.0,95.0,2022,83.0,95.0
DC3,1221,Novi Marof,L25131,Ž2136,50,69.0,69.0,77.0,78.0,2022,69.0,77.5
DC3,1245,Paka,Ž2134,Ž2171,90,78.0,80.0,88.0,90.0,2022,79.0,89.0
DC3,2003,Blažev Dol,L31036,Ž3016,70,73.0,73.0,84.0,82.0,2022,73.0,83.0
DC3,3003,Duga Resa,Ž3181,D23,50,58.0,58.0,67.0,69.0,2022,58.0,68.0
DC3,3032,Lišnica,L34065,L34064,60,73.0,74.0,84.0,84.0,2022,73.5,84.0
DC3,3005,Vrbovsko,L58032,L58037,60,69.0,68.0,78.0,77.0,2022,68.5,77.5
DC3,2905,Delnice,D203,D32,50,54.0,54.0,62.0,64.0,2022,54.0,63.0
DC3,2935,Gornje Jelenje,Ž5032,D501,50,75.0,76.0,90.0,90.0,2022,75.5,90.0
DC5,2215,Virovitica obilaznica jug,D2,Ž4251,90,97.0,103.0,112.0,124.0,2022,100.0,118.0
DC5,2215,Virovitica obilaznica sjever,Ž4251,D2,90,101.0,105.0,120.0,124.0,2022,103.0,122.0
DC5,2205,Grubišno Polje,Ž3094,Ž3139,50,55.0,49.0,65.0,59.0,2022,52.0,62.0
DC5,2206,Končanica - zapad,L37118,Ž3138,50,68.0,70.0,78.0,82.0,2022,69.0,80.0
DC5,2230,Doljani,Ž3291,Ž3172,50,51.0,58.0,57.0,67.0,2022,54.5,62.0
DC5,2213,Badljevina,Ž3272,L41002,50,50.0,54.0,58.0,64.0,2022,52.0,61.0
DC5,3411,Filipovac,L41014,D47,70,59.0,62.0,68.0,72.0,2022,60.5,70.0
DC5,3406,Cage,L42001,Ž3252,70,76.0,78.0,88.0,90.0,2022,77.0,89.0
DC5,3412,Okučani,Ž4241,Ž4158,50,60.0,59.0,71.0,68.0,2022,59.5,69.5
DC5,3410,Stara Gradiška,Ž4226,Ž4227,90,67.0,74.0,80.0,88.0,2022,70.5,84.0
DC6,1806,Jurovski Brod,D228,L34005,60,60.0,61.0,68.0,69.0,2022,60.5,68.5
DC6,3102,Gvozd - zapad,L33075,Ž3186,50,69.0,68.0,82.0,80.0,2022,68.5,81.0
DC7,2501,Duboševica,GP,Ž4011,90,81.0,87.0,97.0,106.0,2022,84.0,101.5
DC7,2503,Karanac (Beli Manastir),D517,D212,70,77.0,77.0,90.0,88.0,2022,77.0,89.0
DC7,2513,Osijek sj. obilaznica,Ž4257,Ž4068,90,79.0,79.0,90.0,86.0,2022,79.0,88.0
DC7,2512,Čepin,D2,D4247,90,97.0,97.0,109.0,112.0,2022,97.0,110.5
DC7,3705,Vuka,Ž4107,L44107,50,85.0,89.0,97.0,103.0,2022,87.0,100.0
DC7,3634,Đakovo obilaznica,D515,A5,60,74.0,80.0,86.0,92.0,2022,77.0,89.0
DC7,3606,Vrpolje,L44138,Ž4202,50,60.0,58.0,69.0,67.0,2022,59.0,68.0
DC7,3615,Sikirevci - jug,Ž4220,L42049,50,67.0,72.0,78.0,84.0,2022,69.5,81.0
DC8,2801,Pasjak,L58011,A7,80,75.0,74.0,86.0,86.0,2022,74.5,86.0
DC8,2804,Mučići,Ž5016,L58015,50,60.0,66.0,68.0,75.0,2022,63.0,71.5
DC8,2917,Kostrena,L58054,D40,90,68.0,66.0,77.0,75.0,2022,67.0,76.0
DC8,2923,Crikvenica,Ž5091,Ž5091,60/80,67.0,67.0,77.0,80.0,2022,67.0,78.5
DC8,2929,Sibinj Krmpotski,Ž5109,L59001,90,83.0,78.0,97.0,90.0,2022,80.5,93.5
DC8,4105,Vlaka,L59028,D405,50,72.0,72.0,82.0,82.0,2022,72.0,82.0
DC8,4207,Karlobag,D25,L63025,40,49.0,50.0,57.0,57.0,2022,49.5,57.0
DC8,4802,Starigrad (Paklenica),L63153,Ž6008,50,43.0,43.0,54.0,54.0,2022,43.0,54.0
DC8,4810,Murvica,Ž6011,L63167,70,55.0,55.0,62.0,62.0,2022,55.0,62.0
DC8,4825,Bibinje,D424,Ž6039,50/70,67.0,67.0,80.0,71.0,2022,67.0,75.5
DC8,5305,Pirovac,Ž6068,D59,90,75.0,75.0,84.0,92.0,2022,75.0,88.0
DC8,5335,Vodice obilaznica,Ž6086,Ž6286,60,73.0,73.0,82.0,82.0,2022,73.0,82.0
DC8,5308,Šibenik,Ž6088,L65037,50,54.0,61.0,65.0,69.0,2022,57.5,67.0
DC8,5336,Ražine,D58,L65075,50,71.0,71.0,80.0,77.0,2022,71.0,78.5
DC8,5309,Grebaštica,D58,Ž6127,90,60.0,60.0,68.0,73.0,2022,60.0,70.5
DC8,5325,Primošten - jug,L65075,L65077,60,77.0,77.0,90.0,92.0,2022,77.0,91.0
DC8,5407,Marina,L65078,Ž6130,50,65.0,68.0,77.0,80.0,2022,66.5,78.5
DC8,5438,Plano (smjer Split),D315,D409,70,72.0,72.0,84.0,92.0,2022,72.0,88.0
DC8,5438,Plano (smjer Trogir),D409,D315,70,68.0,68.0,84.0,86.0,2022,68.0,85.0
DC8,5423,Solin (smjer Split),Ž6137,Ž6139,60,61.0,65.0,75.0,80.0,2022,63.0,77.5
DC8,5423,Solin (smjer Trogir),Ž6139,Ž6137,100,84.0,90.0,97.0,100.0,2022,87.0,98.5
DC8,5422,Stobreč (smjer Omiš),D410,Ž6143,70,66.0,66.0,78.0,86.0,2022,66.0,82.0
DC8,5422,Stobreč (smjer Split),Ž6143,D410,70,69.0,69.0,80.0,86.0,2022,69.0,83.0
DC8,5902,Jesenice,Ž6162,L67112,50,55.0,55.0,62.0,63.0,2022,55.0,62.5
DC8,5916,Omiš - zapad,L67120,D70,50,30.0,30.0,38.0,40.0,2022,30.0,39.0
DC8,5910,Brela,D39,L67144,50,59.0,66.0,67.0,73.0,2022,62.5,70.0
DC8,5926,Baško Polje,D76,L67179,80,67.0,67.0,77.0,77.0,2022,67.0,77.0
DC8,6010,Rogotin,L69086,L69005,50,54.0,54.0,61.0,62.0,2022,54.0,61.5
DC8,6501,Klek,L69029,Ž6279,60,65.0,73.0,75.0,84.0,2022,69.0,79.5
DC8,6503,Zaton Doli,Ž6227,D414,90,79.0,83.0,90.0,96.0,2022,81.0,93.0
DC8,6601,Zaton,L69047,Ž6254,60,60.0,60.0,68.0,69.0,2022,60.0,68.5
DC8,6608,Vidikovac,D420,D223,90,59.0,59.0,68.0,69.0,2022,59.0,68.5
DC8,6602,Kupari,L69050,Ž6243,60,55.0,55.0,64.0,69.0,2022,55.0,66.5
DC8,6604,Gruda,L69055,Ž6241,70,64.0,64.0,75.0,75.0,2022,64.0,75.0
DC9,6104,Kula Norinska,L69013,L69012,90,83.0,83.0,97.0,95.0,2022,83.0,96.0
DC10,2008,Sveta Helena (smjer Sv. Helena),A4,D41,110,115.0,115.0,128.0,138.0,2022,115.0,133.0
DC10,2008,Sveta Helena (smjer Dubrava),D41,A4,110,115.0,124.0,133.0,138.0,2022,119.5,135.5
DC10,2030,Vrbovec obilaznica (smjer Dubrava),D41,Ž3079,100,110.0,122.0,128.0,138.0,2022,116.0,133.0
DC10,2030,,Ž3079,D41,100,112.0,122.0,129.0,138.0,2022,117.0,133.5
DC10,2143,Tremovački potok (smjer Križevci),D28,D22,100,115.0,125.0,133.0,139.0,2022,120.0,136.0
DC10,2143,Tremovački potok (smjer Konak),D22,D28,100,116.0,122.0,133.0,138.0,2022,119.0,135.5
DC12,2150,Haganj (smjer Zvonik),D10,D544,100,123.0,130.0,144.0,150.0,2022,126.5,147.0
DC12,2150,Haganj (smjer Fuka),D544,D10,100,114.0,128.0,133.0,150.0,2022,121.0,141.5
DC14,1143,Mokrice,D307,Ž2197,100,102.0,102.0,116.0,116.0,2022,102.0,116.0
DC14,1145,Bedekovcina,Ž2197,Ž2198,100,100.0,105.0,112.0,120.0,2022,102.5,116.0
DC20,1319,Ivanovec,Ž2022,A4,60,79.0,79.0,88.0,92.0,2022,79.0,90.0
DC20,1340,Prelog - istok,Ž2026,L20040,70,75.0,73.0,88.0,86.0,2022,74.0,87.0
DC20,1324,Koprivnica - sjever,L26154,D2,90,75.0,79.0,90.0,95.0,2022,77.0,92.5
DC22,1233,Možđenec,D3,D24,80,78.0,79.0,88.0,90.0,2022,78.5,89.0
DC22,1268,Orehovec,Ž2176,Ž2177,50,54.0,57.0,62.0,68.0,2022,55.5,65.0
DC22,2125,Trema,L26069,Ž2228,90,80.0,79.0,97.0,95.0,2022,79.5,96.0
DC23,3008,Belavići,L34062,Ž3176,60,69.0,69.0,78.0,80.0,2022,69.0,79.0
DC23,3014,Munjava,D42,L34137,60,62.0,58.0,72.0,69.0,2022,60.0,70.5
DC23,4101,Senj - istok,L59009,D8,50,55.0,57.0,63.0,67.0,2022,56.0,65.0
DC24,1230,Konjščina,Ž2170,L22022,50,58.0,60.0,72.0,73.0,2022,59.0,72.5
DC24,1222,Novi Marof zapad,L25134,L25132,50,58.0,57.0,67.0,67.0,2022,57.5,67.0
DC24,1237,Ljubešćica,Ž2136,L25150,90,71.0,72.0,82.0,84.0,2022,71.5,83.0
DC25,1269,Varaždinske Toplice,D526,L25143,70,68.0,61.0,78.0,69.0,2022,64.5,73.5
DC25,4206,Budak,D50,D534,60,62.0,63.0,71.0,72.0,2022,62.5,71.5
DC25,4209,Novoselo Trnovačko,Ž5162,Ž5163,50,70.0,72.0,82.0,86.0,2022,71.0,84.0
DC26,2036,Konak,A12,L31069,50,57.0,64.0,68.0,75.0,2022,60.5,71.5
DC26,2144,Cerina,Ž3284,D43,30,65.0,64.0,75.0,73.0,2022,64.5,74.0
DC26,2218,Uljanik,L37145,L37142,70,77.0,80.0,88.0,92.0,2022,78.5,90.0
DC27,4930,Gračac,D1,D50,50,68.0,72.0,78.0,86.0,2022,70.0,82.0
DC27,4912,Zaton Obrovački,Ž6027,Ž6028,70,69.0,61.0,78.0,71.0,2022,65.0,74.5
DC27,4915,Benkovac,Ž6048,L63123,60,88.0,84.0,103.0,97.0,2022,86.0,100.0
DC27,5303,Gaćelezi,D59,Ž6071,60,89.0,89.0,103.0,106.0,2022,89.0,104.5
DC28,2103,Sveti Ivan Žabno,Ž3041,Ž2229,50,68.0,69.0,77.0,78.0,2022,68.5,77.5
DC28,2102,Predavac,Ž3022,D524,50,50.0,50.0,57.0,64.0,2022,50.0,60.5
DC28,2106,Prespa,Ž3048,Ž3087,70,69.0,69.0,78.0,78.0,2022,69.0,78.0
DC29,1231,Zlatar Bistrica,D24,Ž2202,90,69.0,70.0,80.0,82.0,2022,69.5,81.0
DC29,2004,Kašina,L10004,Ž1001,70,77.0,78.0,90.0,90.0,2022,77.5,90.0
DC30,2043,Petina (smjer Velika Gorica),A3,D30,90,84.0,84.0,97.0,100.0,2022,84.0,98.5
DC30,2043,Petina (smjer Zagreb),D30,A3,90,77.0,79.0,88.0,92.0,2022,78.0,90.0
DC30,2019,Lekenik,L33006,Ž3230,50,65.0,65.0,73.0,73.0,2022,65.0,73.0
DC30,2020,Žažina,D36,Ž3156,50,63.0,63.0,71.0,73.0,2022,63.0,72.0
DC30,3208,Brest Pokupski,Ž3242,D37,50,57.0,59.0,65.0,67.0,2022,58.0,66.0
DC30,3311,Hrvatska Kostajnica,D224,L33159,50,42.0,41.0,47.0,46.0,2022,41.5,46.5
DC33,5001,Knin - sjever,L65009,Ž6080,60,64.0,66.0,75.0,78.0,2022,65.0,76.5
DC33,5003,Knin - jug,D1,Ž6056,50,60.0,60.0,72.0,71.0,2022,60.0,71.5
DC33,5442,Moseć,D56,Ž6094,70,70.0,70.0,80.0,80.0,2022,70.0,80.0
DC33,5412,Pakovo Selo,Ž6094,L65083,70,99.0,101.0,116.0,116.0,2022,100.0,116.0
DC33,5322,Dubrava Šibenska,Ž6091,D8,70,73.0,73.0,82.0,88.0,2022,73.0,85.0
DC34,2411,Podravska Moslavina,Ž4030,Ž4031,90,95.0,96.0,112.0,112.0,2022,95.5,112.0
DC34,2419,Donji Miholjac obilaznica,Ž4032,D53,90,85.0,85.0,97.0,97.0,2022,85.0,97.0
DC34,2405,Šag,Ž4051,L44028,70,63.0,69.0,73.0,82.0,2022,66.0,77.5
DC35,1216,Kaniža zapad,Ž2084,Ž2102,50/70,75.0,75.0,88.0,84.0,2022,75.0,86.0
DC35,1123,Gornja Šemnica,Ž2125,Ž2122,50,68.0,73.0,77.0,84.0,2022,70.5,80.5
DC36,3201,Novo Selo Palanječko,Ž3206,L33055,60,66.0,67.0,75.0,77.0,2022,66.5,76.0
DC36,2127,Popovača - zapad,A3,Ž3124,50,58.0,60.0,67.0,69.0,2022,59.0,68.0
DC37,3202,Novo Selište,D30,Ž3198,50,65.0,63.0,73.0,71.0,2022,64.0,72.0
DC38,3401,Pakrac - istok,D5,L41017,50,67.0,69.0,78.0,80.0,2022,68.0,79.0
DC38,3504,Pasikovci,Ž4113,L41018,50,75.0,74.0,90.0,90.0,2022,74.5,90.0
DC38,3505,Kuzmica,L41054,Ž4116,50,51.0,50.0,61.0,62.0,2022,50.5,61.5
DC38,3507,Pleternica - istok,L41078,L41063,50,66.0,64.0,80.0,75.0,2022,65.0,77.5
DC39,5908,Cista Provo - jug,L67137,Ž6171,80,91.0,87.0,106.0,103.0,2022,89.0,104.5
DC39,5903,Gornja Brela,Ž6166,L67134,60,67.0,69.0,75.0,80.0,2022,68.0,77.5
DC41,1311,Sokolovac,L26006,L26073,60,60.0,61.0,69.0,71.0,2022,60.5,70.0
DC42,3041,Gomirje,A6,L58038,60,60.0,58.0,69.0,67.0,2022,59.0,68.0
DC42,4314,Čatrnja,L34161,D1,60,70.0,70.0,80.0,82.0,2022,70.0,81.0
DC43,1314,Hampovica,Ž2183,Ž2236,50,58.0,57.0,65.0,64.0,2022,57.5,64.5
DC43,2140,Kupinovac,Ž3028,D28,60,67.0,68.0,77.0,80.0,2022,67.5,78.5
DC44,2145,Bjelovar,D28,D544,50,62.0,62.0,71.0,72.0,2022,62.0,71.5
DC43,2108,Narta - sjever,D28,Ž3084,60,75.0,77.0,86.0,88.0,2022,76.0,87.0
DC43,2015,Caginec,Ž3124,Ž3074,50,62.0,62.0,71.0,69.0,2022,62.0,70.0
DC44,2806,Lupoglav - sjever,L50080,Ž5014,50,64.0,70.0,77.0,82.0,2022,67.0,79.5
DC44,2207,Veliki Zdenci,Ž3136,Ž3133,70,70.0,68.0,86.0,90.0,2022,69.0,88.0
DC45,2115,Kapelica,D26,L37138,50,55.0,54.0,63.0,63.0,2022,54.5,63.0
DC45,3321,Kutina - sjever,Ž3163,L33070,50,56.0,56.0,64.0,64.0,2022,56.0,64.0
DC46,3708,Stari Mikanovci,Ž4133,Ž4166,70,63.0,64.0,73.0,73.0,2022,63.5,73.0
DC46,3722,Vinkovci obilaznica,D518,D55,80,76.0,73.0,90.0,84.0,2022,74.5,87.0
DC46,3711,Srijemske Laze,Ž4150,L46027,50,51.0,58.0,57.0,68.0,2022,54.5,62.5
DC46,3810,Tovarnik,Ž4233,GP,90,65.0,68.0,78.0,80.0,2022,66.5,79.0
DC47,3306,Bročice,Ž3250,Ž3253,80,83.0,83.0,95.0,95.0,2022,83.0,95.0
DC49,3531,Batrina istok,Ž4158,Ž4244,70,68.0,70.0,78.0,82.0,2022,69.0,80.0
DC50,4203,Otočac (Brlog),A1,Ž5140,50,70.0,74.0,82.0,86.0,2022,72.0,84.0
DC50,4205,Ličko Lešće,Ž5144,Ž5147,50,54.0,52.0,63.0,61.0,2022,53.0,62.0
DC50,4905,Sveti Rok,A1,L59116,50,74.0,74.0,92.0,95.0,2022,74.0,93.5
DC51,3530,Bektež,Ž4117,L41045,50,78.0,75.0,92.0,88.0,2022,76.5,90.0
DC51,3524,Eminovci,L41033,D38,50,55.0,53.0,60.0,59.0,2022,54.0,59.5
DC51,3515,Oblakovac,D38,L41019,50,74.0,79.0,88.0,90.0,2022,76.5,89.0
DC52,4204,Vrhovine,Ž5130,L59140,90,73.0,79.0,84.0,90.0,2022,76.0,87.0
DC53,2417,Donji Miholjac - istok,Ž4295,D34,50,56.0,55.0,65.0,64.0,2022,55.5,64.5
DC53,2409,Velimirovac,Ž4075,D2,50,56.0,59.0,67.0,72.0,2022,57.5,69.5
DC53,3603,Gradac Našički,L44094,D51,50,71.0,68.0,84.0,80.0,2022,69.5,82.0
DC53,3503,Čaglin,L41046,Ž4124,90,69.0,70.0,82.0,82.0,2022,69.5,82.0
DC53,3607,Rastušje,L42038,L42039,50,56.0,59.0,64.0,67.0,2022,57.5,65.5
DC53,3516,Slavonski Brod,D525,D72,60,74.0,74.0,84.0,88.0,2022,74.0,86.0
DC55,3706,Nuštar,Ž4134,Zvonimirova,50,62.0,62.0,71.0,67.0,2022,62.0,69.0
DC55,3740,Vinkovci istočna obilaznica,Zvonimirova,D46,80,89.0,97.0,100.0,112.0,2022,93.0,106.0
DC55,3710,Kunjevci,Ž4192,Ž4193,60,79.0,79.0,95.0,97.0,2022,79.0,96.0
DC55,3719,Županja,L46045,GP,40,51.0,54.0,62.0,64.0,2022,52.5,63.0
DC56,4829,Tromilja,D502,Ž6021,60,76.0,81.0,86.0,92.0,2022,78.5,89.0
DC56,4916,Raštević,L63178,L63203,70,87.0,90.0,103.0,106.0,2022,88.5,104.5
DC56,5329,Bulić,L63151,L63151,50,78.0,77.0,92.0,92.0,2022,77.5,92.0
DC56,5306,Skradin,Ž6075,G.A.P.,40,34.0,37.0,45.0,47.0,2022,35.5,46.0
DC56,5413,Kljake,Ž6097,Ž6099,50,81.0,86.0,95.0,100.0,2022,83.5,97.5
DC58,5326,Bioci,luka,D8,50,64.0,64.0,73.0,75.0,2022,64.0,74.0
DC58,5320,Donje Polje,D8,D531,60,67.0,71.0,78.0,84.0,2022,69.0,81.0
DC58,5406,Seget Donji,Ž6129,D8,50,62.0,63.0,73.0,71.0,2022,62.5,72.0
DC59,5319,Čista Mala - jug,Ž6071,D27,80,89.0,90.0,100.0,103.0,2022,89.5,101.5
DC60,5510,Cista Velika,L67226,Ž6153,60,80.0,82.0,95.0,95.0,2022,81.0,95.0
DC60,5901,Lovreć,L67101,Ž6173,60,65.0,68.0,75.0,80.0,2022,66.5,77.5
DC60,6001,Grubine,L67159,Ž6186,60,61.0,61.0,69.0,72.0,2022,61.0,70.5
DC60,6012,Vinjani Donji,D76,L67171,50,60.0,65.0,69.0,75.0,2022,62.5,72.0
DC62,6014,Zagvozd,D76,L67143,50,44.0,52.0,51.0,61.0,2022,48.0,56.0
DC64,2820,Pićan,L50086,L50123,50,65.0,67.0,73.0,77.0,2022,66.0,75.0
DC66,2815,Stepčići,L50185,D64,60,66.0,66.0,77.0,80.0,2022,66.0,78.5
DC66,2814,Medveja,Ž5082,Ž5050,50,59.0,57.0,67.0,65.0,2022,58.0,66.0
DC66,2813,Opatija - jug,Ž5048,Ž5051,50,49.0,49.0,56.0,57.0,2022,49.0,56.5
DC69,2306,Voćin,L40069,Ž4100,50,55.0,61.0,69.0,75.0,2022,58.0,72.0
DC70,5918,Omiš - sjever,D8,Ž6165,50,48.0,48.0,55.0,55.0,2022,48.0,55.0
DC72,3626,Slavonski Brod 2,D53,D423,50,49.0,49.0,56.0,58.0,2022,49.0,57.0
DC74,1126,Bednja,L25013,L25108,40,57.0,57.0,64.0,65.0,2022,57.0,64.5
DC75,2755,Marija na Krasu,L50005,D75,80,70.0,80.0,82.0,90.0,2022,75.0,86.0
DC75,2708,Dajla,L50040,D301,50,57.0,57.0,65.0,67.0,2022,57.0,66.0
DC75,2765,Vrvari,L50046,D302,70,58.0,58.0,67.0,71.0,2022,58.0,69.0
DC75,2757,Funtana,L50091,Ž5071,60,63.0,63.0,71.0,67.0,2022,63.0,69.0
DC75,2717,Bale,Ž5098,Ž5096,60,66.0,66.0,80.0,80.0,2022,66.0,80.0
DC76,6026,Tunel Sveti Ilija,L67177,A1,100,77.0,77.0,86.0,92.0,2022,77.0,89.0
DC77,2751,Žminj,Ž5077,L50132,60,77.0,77.0,88.0,88.0,2022,77.0,88.0
DC77,3915,Vodnjan,L50144,Ž5101,50,78.0,80.0,90.0,95.0,2022,79.0,92.5
DC100,4006,Cres,D101,Ž5124,40,77.0,76.0,90.0,88.0,2022,76.5,89.0
DC100,4003,Ćunski,L58115,Ž5157,60,65.0,66.0,75.0,77.0,2022,65.5,76.0
DC102,2922,Omišalj,Ž5083,L58065,90,79.0,79.0,90.0,84.0,2022,79.0,87.0
DC102,2934,Krk,Ž5131,Ž5131,80,76.0,76.0,86.0,90.0,2022,76.0,88.0
DC102,2946,Punat sjever,Ž5125,Ž5183,80,63.0,72.0,75.0,84.0,2022,67.5,79.5
DC104,2947,Strilčići,L58070,L58085,60,78.0,79.0,90.0,95.0,2022,78.5,92.5
DC105,4106,Barbat na Rabu,Ž5139,TP,40/60,64.0,60.0,75.0,71.0,2022,62.0,73.0
DC106,4822,Vulete,Ž6016,Ž6017,50,75.0,74.0,88.0,86.0,2022,74.5,87.0
DC113,5907,Supetar - jug,D114,L67172,60,50.0,47.0,56.0,53.0,2022,48.5,54.5
DC116,5927,Dubovica,Ž6280,Ž6252,50,65.0,61.0,75.0,71.0,2022,63.0,73.0
DC116,5917,Jelsa,L67194,L67196,90,67.0,64.0,78.0,75.0,2022,65.5,76.5
DC118,6403,Žrnovo,L69073,L69073,60,76.0,78.0,88.0,90.0,2022,77.0,89.0
DC120,6504,Babino Polje,L69037,D123,50,51.0,52.0,65.0,65.0,2022,51.5,65.0
DC126,5443,Trogir,Ž6133,Ž6134,50,47.0,42.0,54.0,51.0,2022,44.5,52.5
DC126,5445,Mastrinka,Ž6134,Ž6136,40,57.0,57.0,65.0,64.0,2022,57.0,64.5
DC200,2701,Plovanija,GP,D510,60,57.0,58.0,64.0,67.0,2022,57.5,65.5
DC203,2936,Mala Lešnica,L58022,D3,50,58.0,53.0,67.0,63.0,2022,55.5,65.0
DC204,3040,Bosanci,D3,Ž3175,50,79.0,77.0,88.0,88.0,2022,78.0,88.0
DC207,1124,Hromec,GP,Ž2096,50,69.0,67.0,78.0,78.0,2022,68.0,78.0
DC208,1202,Trnovec,GP,Ž2009,50,58.0,57.0,67.0,65.0,2022,57.5,66.0
DC209,1001,Mursko Središće,Ž2003,L20003,50,52.0,46.0,61.0,52.0,2022,49.0,56.5
DC209,1201,Šenkovec,Ž2016,D227,50,53.0,53.0,61.0,65.0,2022,53.0,63.0
DC212,2502,Suza,Ž4037,L44011,60,74.0,74.0,86.0,86.0,2022,74.0,86.0
DC214,4501,Posavski Podgajci,Ž4230,L46054,90,88.0,92.0,103.0,109.0,2022,90.0,106.0
DC216,3109,Miholjsko,Ž3224,L34144,50,75.0,77.0,86.0,86.0,2022,76.0,86.0
DC217,4301,Ličko Petrovo Selo,D504,GP,60,68.0,67.0,78.0,77.0,2022,67.5,77.5
DC220,5520,Ćaporice,Ž6260,D60,90,90.0,98.0,103.0,112.0,2022,94.0,107.5
DC220,5506,Kamensko,Ž6125,L67104,60,82.0,77.0,93.0,90.0,2022,79.5,91.5
DC223,6610,Dubac,Ž6243,D8,50,65.0,65.0,73.0,72.0,2022,65.0,72.5
DC224,3304,Sunja,Ž3244,Ž3211,50,53.0,56.0,61.0,64.0,2022,54.5,62.5
DC227,1243,Brezje,Ž2015,D209,90,77.0,78.0,88.0,88.0,2022,77.5,88.0
DC228,1805,Kamanje,L34021,Ž3296,80,62.0,60.0,71.0,69.0,2022,61.0,70.0
DC228,1934,Mahićno,Ž3143,D1,50,60.0,61.0,69.0,68.0,2022,60.5,68.5
DC306,4808,Kožino,L63049,L63052,90,69.0,69.0,78.0,78.0,2022,69.0,78.0
DC307,1936,Oroslavje,L22069,L22069,50,50.0,50.0,57.0,57.0,2022,50.0,57.0
DC310,1953,Jastrebarsko,31139,A1,50,71.0,69.0,84.0,84.0,2022,70.0,84.0
DC408,2035,Velika Gorica (smjer DC30) zr.,luka,D30,60,68.0,71.0,82.0,85.0,2022,69.5,83.5
DC408,2035,Velika Gorica (smjer zračna luka) D30,zr.,luka,60,74.0,72.0,88.0,86.0,2022,73.0,87.0
DC409,5444,Divulje,D8,D8,40,51.0,51.0,60.0,57.0,2022,51.0,58.5
DC413,6038,Ploče,D425,Ž6216,50,48.0,52.0,59.0,64.0,2022,50.0,61.5
DC414,6502,Putniković,Ž6226,L69030,90,77.0,77.0,88.0,88.0,2022,77.0,88.0
DC414,6505,Zamaslina,L69066,D8,50,62.0,67.0,69.0,75.0,2022,64.5,72.0
DC415,6404,Kosarni Do,L69026,D414,60,55.0,57.0,62.0,65.0,2022,56.0,63.5
DC420,6609,Sustjepan,D8,luka,50,59.0,59.0,67.0,65.0,2022,59.0,66.0
DC423,3625,Slavonski Brod 1,D514,D72,50,49.0,49.0,54.0,56.0,2022,49.0,55.0
DC424,4820,Gaženica (smjer A1),D8,D422,80,111.0,122.0,128.0,138.0,2022,116.5,133.0
DC424,4820,Gaženica (smjer Zadar),D8,D422,80,68.0,78.0,80.0,86.0,2022,73.0,83.0
DC429,4311,Jezerce,L59025,D1,70,70.0,67.0,80.0,80.0,2022,68.5,80.0
DC430,2062,Selnica (smjer zračna luka) D30,zr.,luka,70,77.0,83.0,90.0,97.0,2022,80.0,93.5
DC430,2062,Selnica (smjer D30) zr.,luka,D30,70,75.0,78.0,90.0,90.0,2022,76.5,90.0
DC501,2918,Križišće,Ž5063,L58107,60,69.0,72.0,82.0,84.0,2022,70.5,83.0
DC507,1129,Martinišće,Ž2189,D205,60,84.0,85.0,97.0,100.0,2022,84.5,98.5
DC512,6039,Stupica,Ž6198,Ž6199,40,32.0,35.0,49.0,51.0,2022,33.5,50.0
DC514,3622,Slavonski Brod 3,D53,D423,70,68.0,68.0,78.0,80.0,2022,68.0,79.0
DC515,2418,Našice Obilaznica,D2,Ž4168,90,77.0,85.0,88.0,100.0,2022,81.0,94.0
DC515,3621,Bračevci,L44100,L44101,90,95.0,95.0,112.0,112.0,2022,95.0,112.0
DC517,2403,Belišće-sjever,D53,Ž4049,50,71.0,68.0,94.0,93.0,2022,69.5,93.5
DC517,2415,Harkanovci,L44050,L44020,50,59.0,58.0,71.0,68.0,2022,58.5,69.5
DC518,2509,Brijest,D2,Ž4086,40,69.0,66.0,78.0,73.0,2022,67.5,75.5
DC518,3741,Jarmina,Ž4134,Ž4149,80,77.0,82.0,90.0,95.0,2022,79.5,92.5
DC522,4918,Lovinac,L59112,Ž5165,90,89.0,101.0,100.0,113.0,2022,95.0,106.5
DC525,3508,Krajačić,Ž4162,Ž4244,90,78.0,80.0,92.0,95.0,2022,79.0,93.5
DC525,3525,Gornji Andrijevci,Ž4244,L42030,50,60.0,62.0,68.0,71.0,2022,61.0,69.5
DC528,1265,Kneginec Donji,D2,Ž2070,80,69.0,69.0,77.0,88.0,2022,69.0,82.5
DC541,3042,Veliki Modruš Potok,D6,Ž3141,90,97.0,98.0,112.0,112.0,2022,97.5,112.0
DC543,1943,Donja Zdenčina,D1,L31148,50,58.0,56.0,68.0,65.0,2022,57.0,66.5
DC546,1942,Brlenić,Ž3297,L31136,90,80.0,80.0,95.0,92.0,2022,80.0,93.5
DC548,2146,Bjelovar istočna obilaznica,Ž3027,D28,80,85.0,86.0,100.0,100.0,2022,85.5,100.0
A7,2823,Rujevica (smjer D8),A8,D427,90,85.0,85.0,100.0,107.0,2022,85.0,103.5
A7,2823,Rujevica (smjer GP Rupa),D427,A8,90,76.0,76.0,88.0,95.0,2022,76.0,91.5
Ner,2014,Velika Mlaka (smjer Velika Gorica) V. Mlaka,V.,Gorica,80,81.0,81.0,95.0,97.0,2022,81.0,96.0
Ner,2014,Velika Mlaka (smjer Zagreb) V. Gorica,V.,Mlaka,80,86.0,93.0,100.0,106.0,2022,89.5,103.0
DC1,1101,Macelj,Ž2258,D207,60,76.0,81.0,86.0,92.0,2023,78.5,89.0
DC1,1104,Đurmanec,D207,D206,60,80.0,79.0,92.0,90.0,2023,79.5,91.0
DC1,1122,Čveki,D35,Ž2158,50,62.0,64.0,72.0,73.0,2023,63.0,72.5
DC1,1146,Sveti Križ Začretje,Ž2158,Ž2195,50,66.0,62.0,77.0,72.0,2023,64.0,74.5
DC1,1935,Gornji Stupnik,L31102,Ž3061,50,71.0,75.0,82.0,86.0,2023,73.0,84.0
DC1,1929,Klinča Sela,D543,L31143,50,63.0,65.0,72.0,73.0,2023,64.0,72.5
DC1,1928,Izimje,Ž3102,L31136,50,71.0,71.0,80.0,82.0,2023,71.0,81.0
DC1,1954,Lug - jug,Ž3146,D228,50,66.0,70.0,75.0,80.0,2023,68.0,77.5
DC1,3114,Karlovac (smjer Slunj),D228,D3,70,67.0,74.0,78.0,84.0,2023,70.5,81.0
DC1,3114,Karlovac (smjer Jastrebarsko),D3,D228,70,69.0,70.0,84.0,84.0,2023,69.5,84.0
DC1,3105,Blagaj,L34120,L34140,80,75.0,80.0,86.0,92.0,2023,77.5,89.0
DC1,3106,Slunj,L34140,Ž3258,60,68.0,69.0,78.0,80.0,2023,68.5,79.0
DC1,4313,Sadilovac,L34160,L59136,40,77.0,69.0,88.0,82.0,2023,73.0,85.0
DC1,4308,Prijeboj - sjeveroistok,L59027,D429,80,93.0,101.0,109.0,120.0,2023,97.0,114.5
DC1,4302,Prijeboj-jug,D429,L59045,90,81.0,89.0,92.0,100.0,2023,85.0,96.0
DC1,4309,Korenica,D52,L59045,90,67.0,67.0,77.0,77.0,2023,67.0,77.0
DC1,4304,Jošan,L59064,Ž5195,80,85.0,91.0,95.0,106.0,2023,88.0,100.5
DC1,4901,Mutilić (Udbina),Ž5195,L59117,80,91.0,96.0,106.0,112.0,2023,93.5,109.0
DC1,5002,Pađene,L65008,D59,90,93.0,89.0,106.0,106.0,2023,91.0,106.0
DC1,5010,Stara Straža,D59,L65004,90,93.0,99.0,109.0,113.0,2023,96.0,111.0
DC1,5418,Kijevo,Ž6058,Ž6083,60,79.0,77.0,95.0,90.0,2023,78.0,92.5
DC1,5524,Sinj,Ž6118,D219,50,69.0,72.0,78.0,83.0,2023,70.5,80.5
DC1,5504,Brnaze,D60,L67041,50,60.0,58.0,71.0,67.0,2023,59.0,69.0
DC1,5526,Dicmo,Ž6119,Ž6120,60,67.0,70.0,75.0,80.0,2023,68.5,77.5
DC1,5523,Dugopolje (smjer Split),A1,D56,90,87.0,104.0,103.0,116.0,2023,95.5,109.5
DC1,5523,Dugopolje (smjer A1),D56,A1,90,96.0,104.0,110.0,117.0,2023,100.0,113.5
DC1,5441,Dračevac (smjer Split),D56,D8,50,34.0,41.0,57.0,63.0,2023,37.5,60.0
DC1,5441,Dračevac (smjer Dugopolje),D8,D56,80,73.0,82.0,84.0,90.0,2023,77.5,87.0
DC2,1203,Dubrava Križovljanska,GP,Ž2027,50,65.0,64.0,75.0,73.0,2023,64.5,74.0
DC2,1208,Majerje,Ž2046,Ž2037,50,60.0,61.0,68.0,69.0,2023,60.5,68.5
DC2,1266,Poljana Biškupečka,Ž2050,D528,80,90.0,91.0,103.0,103.0,2023,90.5,103.0
DC2,1210,Varaždin - jug (smjer sjever),D528,D3,90,78.0,80.0,90.0,92.0,2023,79.0,91.0
DC2,1210,Varaždin - jug (smjer jug),D3,D528,90,80.0,83.0,92.0,92.0,2023,81.5,92.0
DC2,1244,Trnovec Bartolovečki,Ž2053,L25082,90,82.0,85.0,95.0,100.0,2023,83.5,97.5
DC2,1307,Ludbreg - zapad,L25094,Ž2075,60,65.0,67.0,73.0,77.0,2023,66.0,75.0
DC2,1308,Ludbreg - istok,D24,L25104,50,64.0,66.0,73.0,75.0,2023,65.0,74.0
DC2,1323,Koprivnica - jug,D41,D41,70,73.0,74.0,82.0,84.0,2023,73.5,83.0
DC2,1312,Plavšinac,L26034,L26100,60,70.0,72.0,82.0,84.0,2023,71.0,83.0
DC2,1403,Đurđevac,Ž2247,L26112,60,68.0,65.0,78.0,75.0,2023,66.5,76.5
DC2,2201,Kloštar Podravski,Ž2185,L40001,50/70,68.0,63.0,80.0,80.0,2023,65.5,80.0
DC2,2217,Pitomača - istok,Ž4002,L40005,70,63.0,63.0,72.0,72.0,2023,63.0,72.0
DC2,2203,Virovitica,D5,D538,50,69.0,67.0,78.0,78.0,2023,68.0,78.0
DC2,2302,Cabuna,L40034,L40036,70,72.0,71.0,84.0,84.0,2023,71.5,84.0
DC2,2307,Slatina obilaznica,Ž4296,D34,90,97.0,101.0,112.0,120.0,2023,99.0,116.0
DC2,2305,Čačinci - jug,Ž4063,D314,70,85.0,84.0,100.0,97.0,2023,84.5,98.5
DC2,3635,Martin,D53,Ž4077,50,70.0,67.0,80.0,78.0,2023,68.5,79.0
DC2,2407,Našice,L44044,L44045,50,76.0,85.0,90.0,100.0,2023,80.5,95.0
DC2,2406,Bizovac - zapad,L44052,Ž4060,50,47.0,49.0,55.0,58.0,2023,48.0,56.5
DC2,2508,Osijek južna obilaznica (smjer istok),D7,Mandića,90,98.0,110.0,112.0,120.0,2023,104.0,116.0
DC2,3701,Klisa aerodrom - sjever,L44115,D418,60,91.0,92.0,106.0,109.0,2023,91.5,107.5
DC2,3723,Vukovar (smjer Sotin),D55,D57,50,70.0,74.0,83.0,86.0,2023,72.0,84.5
DC2,3723,Vukovar (smjer Klisa),D57,D55,50,69.0,74.0,78.0,84.0,2023,71.5,81.0
DC2,3801,Sotin,Ž4152,L46013,50,60.0,64.0,71.0,75.0,2023,62.0,73.0
DC3,1234,Čakovec,D20,D209,80,77.0,77.0,88.0,88.0,2023,77.0,88.0
DC3,1221,Novi Marof,Ž2109,Ž2136,50,69.0,68.0,77.0,77.0,2023,68.5,77.0
DC3,1245,Paka,Ž2134,Ž2171,90,77.0,79.0,88.0,90.0,2023,78.0,89.0
DC3,2003,Blažev Dol,L31036,Ž3016,70,73.0,73.0,82.0,82.0,2023,73.0,82.0
DC3,3003,Duga Resa,D1,D23,50,58.0,60.0,67.0,69.0,2023,59.0,68.0
DC3,3032,Lišnica,L34065,L34064,60,75.0,76.0,86.0,86.0,2023,75.5,86.0
DC3,3005,Vrbovsko,L58032,D42,60,71.0,69.0,82.0,78.0,2023,70.0,80.0
DC3,2905,Delnice,D203,D32,50,53.0,56.0,62.0,64.0,2023,54.5,63.0
DC3,2935,Gornje Jelenje,Ž5032,D501,50,75.0,77.0,90.0,92.0,2023,76.0,91.0
DC3,2842,Orehovica,A6,D8,90,59.0,59.0,65.0,67.0,2023,59.0,66.0
DC5,2215,Virovitica obilaznica sjever,D2,D2,90,101.0,104.0,120.0,124.0,2023,102.5,122.0
DC5,2205,Grubišno Polje,Ž3094,Ž3139,50,54.0,49.0,65.0,59.0,2023,51.5,62.0
DC5,2206,Končanica - zapad,L37118,Ž3138,50,68.0,70.0,78.0,82.0,2023,69.0,80.0
DC5,2230,Doljani,Ž3170,Ž3172,50,51.0,58.0,56.0,67.0,2023,54.5,61.5
DC5,2213,Badljevina,Ž3272,L41002,50,50.0,55.0,58.0,64.0,2023,52.5,61.0
DC5,3411,Filipovac,L41014,D47,70,56.0,61.0,63.0,71.0,2023,58.5,67.0
DC5,3406,Cage,L42001,Ž3252,70,76.0,77.0,88.0,90.0,2023,76.5,89.0
DC5,3412,Okučani,Ž4241,Ž4158,50,60.0,59.0,69.0,68.0,2023,59.5,68.5
DC5,3410,Stara Gradiška,Ž4226,Ž4227,90,65.0,74.0,78.0,88.0,2023,69.5,83.0
DC6,1806,Jurovski Brod,D228,L34005,60,59.0,60.0,67.0,69.0,2023,59.5,68.0
DC6,3102,Gvozd - zapad,L33075,Ž3186,80,68.0,69.0,81.0,82.0,2023,68.5,81.5
DC7,2501,Duboševica,GP,Ž4011,90,85.0,89.0,100.0,106.0,2023,87.0,103.0
DC7,2503,Karanac (Beli Manastir),D517,D212,70,78.0,78.0,90.0,90.0,2023,78.0,90.0
DC7,2512,Čepin,D2,D4247,90,99.0,101.0,112.0,116.0,2023,100.0,114.0
DC7,3705,Vuka,Ž4107,L44107,50,86.0,91.0,100.0,106.0,2023,88.5,103.0
DC7,3634,Đakovo obilaznica,D515,A5,60,74.0,80.0,88.0,92.0,2023,77.0,90.0
DC7,3606,Vrpolje,L44138,Ž4202,50,59.0,58.0,69.0,67.0,2023,58.5,68.0
DC7,3615,Sikirevci - jug,Ž4220,L42049,50,67.0,71.0,78.0,84.0,2023,69.0,81.0
DC8,2801,Pasjak,L58011,A7,80,75.0,74.0,86.0,86.0,2023,74.5,86.0
DC8,2804,Mučići,Ž5016,L58015,50,60.0,65.0,68.0,74.0,2023,62.5,71.0
DC8,2929,Sibinj Krmpotski,Ž5109,L59001,90,82.0,79.0,97.0,92.0,2023,80.5,94.5
DC8,4105,Vlaka,L59028,D405,50,72.0,72.0,82.0,82.0,2023,72.0,82.0
DC8,4207,Karlobag,D25,L63025,40,50.0,49.0,57.0,57.0,2023,49.5,57.0
DC8,4802,Starigrad (Paklenica),L63153,Ž6008,50,43.0,45.0,53.0,54.0,2023,44.0,53.5
DC8,4810,Murvica,Ž6011,D306,50,55.0,54.0,62.0,62.0,2023,54.5,62.0
DC8,4825,Bibinje,D424,Ž6039,50/70,68.0,64.0,82.0,72.0,2023,66.0,77.0
DC8,5305,Pirovac,Ž6068,D59,90,75.0,82.0,84.0,92.0,2023,78.5,88.0
DC8,5335,Vodice obilaznica,Ž6086,D27,60,74.0,73.0,82.0,82.0,2023,73.5,82.0
DC8,5336,Ražine D58,Ražinska,Ul.,50,70.0,66.0,80.0,75.0,2023,68.0,77.5
DC8,5309,Grebaštica,Jasenovo,L65075,90,62.0,66.0,69.0,73.0,2023,64.0,71.0
DC8,5325,Primošten - jug,L65075,L65077,60,75.0,77.0,90.0,92.0,2023,76.0,91.0
DC8,5407,Marina,L65078,Ž6130,50,65.0,68.0,77.0,80.0,2023,66.5,78.5
DC8,5438,Plano (smjer Split),D315,D409,70,73.0,82.0,86.0,93.0,2023,77.5,89.5
DC8,5438,Plano (smjer Trogir),D409,D315,70,74.0,79.0,88.0,90.0,2023,76.5,89.0
DC8,5422,Stobreč (smjer Omiš),D410,Ž6143,70,64.0,77.0,75.0,86.0,2023,70.5,80.5
DC8,5422,Stobreč (smjer Split),Ž6143,D410,70,70.0,79.0,80.0,88.0,2023,74.5,84.0
DC8,5902,Jesenice,Ž6162,L67112,50,54.0,56.0,61.0,63.0,2023,55.0,62.0
DC8,5916,Omiš - zapad,L67120,D70,50,29.0,32.0,37.0,39.0,2023,30.5,38.0
DC8,5909,Pisak,Ž6167,L67136,70,73.0,76.0,82.0,86.0,2023,74.5,84.0
DC8,5910,Brela,D39,L67144,50,59.0,66.0,67.0,73.0,2023,62.5,70.0
DC8,5926,Baško Polje,D76,L67179,80,66.0,68.0,75.0,77.0,2023,67.0,76.0
DC8,6510,Pelješki most,D236,L69030,60,85.0,82.0,95.0,90.0,2023,83.5,92.5
DC8,6511,Prapratno,D414,D416,90,95.0,101.0,109.0,116.0,2023,98.0,112.5
DC8,6506,Doli,D414,L69045,80,70.0,83.0,80.0,95.0,2023,76.5,87.5
DC8,6608,Vidikovac,D420,D223,90,58.0,61.0,67.0,68.0,2023,59.5,67.5
DC8,6602,Kupari,L69050,Ž6243,90,54.0,58.0,63.0,68.0,2023,56.0,65.5
DC8,6604,Gruda,Ž6241,D516,70,63.0,65.0,73.0,77.0,2023,64.0,75.0
DC9,6104,Kula Norinska,L69013,L69012,90,83.0,82.0,95.0,95.0,2023,82.5,95.0
DC10,2008,Sveta Helena (smjer Dubrava),A4,Ž3034,110,114.0,125.0,128.0,138.0,2023,119.5,133.0
DC10,2008,Sveta Helena (smjer Sv. Helena),Ž3034,A4,110,114.0,125.0,128.0,138.0,2023,119.5,133.0
DC10,2030,Vrbovec obilaznica (smjer Dubrava),Ž3034,D26,100,109.0,123.0,125.0,138.0,2023,116.0,131.5
DC10,2030,,D26,Ž3034,100,114.0,121.0,129.0,133.0,2023,117.5,131.0
DC10,2143,Tremovački potok (smjer Križevci),D28,D22,100,116.0,125.0,133.0,144.0,2023,120.5,138.5
DC10,2143,Tremovački potok (smjer Konak),D22,D28,100,116.0,119.0,133.0,138.0,2023,117.5,135.5
DC12,2150,Haganj,D10,D544,100,122.0,130.0,144.0,150.0,2023,126.0,147.0
DC12,2150,Haganj,D544,D10,100,112.0,129.0,133.0,150.0,2023,120.5,141.5
DC14,1143,Mokrice,D307,Ž2197,100,99.0,100.0,112.0,112.0,2023,99.5,112.0
DC14,1145,Bedekovcina,Ž2197,Ž2198,100,100.0,104.0,112.0,120.0,2023,102.0,116.0
DC20,1319,Ivanovec,Ž2022,A4,60,78.0,80.0,88.0,92.0,2023,79.0,90.0
DC20,1340,Prelog - istok,Ž2026,L20040,70,78.0,79.0,90.0,92.0,2023,78.5,91.0
DC20,1324,Koprivnica - sjever,L26154,D2,90,74.0,77.0,88.0,95.0,2023,75.5,91.5
DC22,1233,Možđenec,D3,D24,80,76.0,78.0,88.0,90.0,2023,77.0,89.0
DC22,1268,Orehovec,Ž2176,Ž2177,50,54.0,57.0,63.0,68.0,2023,55.5,65.5
DC23,3008,Belavići,D3,L34067,60,70.0,69.0,80.0,80.0,2023,69.5,80.0
DC23,3014,Munjava,D42,L34137,60,63.0,60.0,75.0,72.0,2023,61.5,73.5
DC24,1230,Konjščina,Ž2170,Ž2204,50,58.0,60.0,71.0,73.0,2023,59.0,72.0
DC24,1237,Ljubešćica,Ž2136,L25150,90,64.0,66.0,73.0,75.0,2023,65.0,74.0
DC25,1269,Varaždinske Toplice,D526,L25143,70,66.0,61.0,77.0,69.0,2023,63.5,73.0
DC25,4206,Budak,D50,D534,60,62.0,63.0,71.0,72.0,2023,62.5,71.5
DC25,4209,Novoselo Trnovačko,D50,Ž5199,50,69.0,71.0,82.0,86.0,2023,70.0,84.0
DC26,2218,Uljanik,Ž3168,Ž3169,70,78.0,81.0,90.0,95.0,2023,79.5,92.5
DC27,4930,Gračac,D1,D50,50,71.0,75.0,82.0,88.0,2023,73.0,85.0
DC27,4912,Zaton Obrovački,Ž6027,Ž6028,70,69.0,61.0,80.0,72.0,2023,65.0,76.0
DC27,4915,Benkovac,Ž6048,L63123,90/60,89.0,84.0,103.0,97.0,2023,86.5,100.0
DC27,5317,Gornje Ceranje,Ž6064,Ž6066,70,96.0,99.0,112.0,120.0,2023,97.5,116.0
DC27,5303,Gaćelezi,D59,Ž6071,60,91.0,92.0,106.0,109.0,2023,91.5,107.5
DC28,2103,Sveti Ivan Žabno,Ž3041,Ž2229,50,67.0,69.0,75.0,78.0,2023,68.0,76.5
DC28,2102,Predavac,Ž3022,Ž3300,50,50.0,56.0,57.0,64.0,2023,53.0,60.5
DC28,2104,Bjelovarska obilaznica,Ž3022,D43,90/60,66.0,70.0,75.0,82.0,2023,68.0,78.5
DC28,2106,Prespa,D548,Ž3029,70,71.0,69.0,80.0,78.0,2023,70.0,79.0
DC29,1231,Zlatar Bistrica,D24,Ž2202,90,70.0,70.0,80.0,82.0,2023,70.0,81.0
DC29,2004,Kašina,Ž2224,D3,70,78.0,78.0,90.0,92.0,2023,78.0,91.0
DC30,2043,Petina (smjer Velika Gorica),A3,D30,90,83.0,88.0,95.0,100.0,2023,85.5,97.5
DC30,2043,Petina (smjer Zagreb),D30,A3,90,76.0,79.0,88.0,90.0,2023,77.5,89.0
DC30,2019,Lekenik,L33006,Ž3230,50,66.0,66.0,75.0,75.0,2023,66.0,75.0
DC30,3208,Brest Pokupski,Ž3242,D37,50,59.0,60.0,67.0,68.0,2023,59.5,67.5
DC30,3311,Hrvatska Kostajnica,D224,D47,50,42.0,41.0,47.0,46.0,2023,41.5,46.5
DC33,5003,Knin - jug,D1,Ž6056,50,59.0,59.0,72.0,69.0,2023,59.0,70.5
DC33,5442,Moseć,D56,Ž6094,70,70.0,70.0,80.0,78.0,2023,70.0,79.0
DC33,5412,Pakovo Selo,Ž6094,L65083,70,100.0,101.0,116.0,120.0,2023,100.5,118.0
DC33,5322,Dubrava Šibenska,A1,D8,80,73.0,80.0,82.0,88.0,2023,76.5,85.0
DC34,2419,Donji Miholjac obilaznica,Ž4032,D53,90,86.0,85.0,100.0,99.0,2023,85.5,99.5
DC34,2405,Šag,Ž4051,L44028,70,64.0,69.0,75.0,82.0,2023,66.5,78.5
DC35,1267,Vidovec,D2,Ž2061,50,46.0,49.0,53.0,57.0,2023,47.5,55.0
DC35,1213,Greda,L25042,Ž2063,60,61.0,63.0,69.0,72.0,2023,62.0,70.5
DC35,1216,Kaniža zapad,Ž2084,Ž2102,50/70,74.0,72.0,86.0,82.0,2023,73.0,84.0
DC35,1123,Gornja Šemnica,Ž2125,Ž2122,50,68.0,73.0,77.0,84.0,2023,70.5,80.5
DC36,3201,Novo Selo Palanječko,D37,D232,60,68.0,68.0,78.0,78.0,2023,68.0,78.0
DC36,2127,Popovača - zapad,A3,Ž3124,50,57.0,58.0,65.0,68.0,2023,57.5,66.5
DC37,3215,Sisak,D36,D224,50,58.0,59.0,65.0,67.0,2023,58.5,66.0
DC37,3203,Petrinja,D224,L33051,50,58.0,59.0,65.0,65.0,2023,58.5,65.0
DC37,3202,Novo Selište,D30,Ž3198,50,65.0,62.0,73.0,72.0,2023,63.5,72.5
DC38,3505,Kuzmica,D38,Ž4116,50,50.0,49.0,61.0,62.0,2023,49.5,61.5
DC39,5908,Cista Provo - jug,Ž6171,Ž6172,80,91.0,89.0,106.0,106.0,2023,90.0,106.0
DC39,5903,Gornja Brela,Ž6166,L67134,60,67.0,70.0,75.0,80.0,2023,68.5,77.5
DC41,1310,Peteranec,Ž2114,Ž2113,50,69.0,71.0,80.0,84.0,2023,70.0,82.0
DC41,1311,Sokolovac,L26073,Ž2139,60,60.0,61.0,69.0,71.0,2023,60.5,70.0
DC42,4314,Čatrnja,L34161,D1,60,70.0,70.0,82.0,82.0,2023,70.0,82.0
DC43,1314,Hampovica,Ž2183,Ž2236,50,58.0,57.0,67.0,64.0,2023,57.5,65.5
DC43,2140,Kupinovac,Ž3025,D28,60,67.0,69.0,78.0,80.0,2023,68.0,79.0
DC44,2145,Bjelovar,D28,D544,50,62.0,63.0,71.0,72.0,2023,62.5,71.5
DC44,2706,Fontana,L50029,Ž5013,50,72.0,79.0,84.0,92.0,2023,75.5,88.0
DC44,2806,Lupoglav - sjever,L50080,Ž5014,50,64.0,70.0,75.0,82.0,2023,67.0,78.5
DC44,2207,Veliki Zdenci,D28,Ž3136,70,69.0,68.0,86.0,90.0,2023,68.5,88.0
DC45,2115,Kapelica,L37138,Ž3164,50,56.0,55.0,64.0,64.0,2023,55.5,64.0
DC45,3321,Kutina - sjever,Ž3163,L33070,50,56.0,55.0,63.0,64.0,2023,55.5,63.5
DC46,3708,Stari Mikanovci,Ž4133,Ž4166,70,63.0,64.0,73.0,73.0,2023,63.5,73.0
DC46,3722,Vinkovci obilaznica,D518,D55,80,76.0,73.0,90.0,84.0,2023,74.5,87.0
DC46,3711,Srijemske Laze,Ž4150,L46027,50,50.0,57.0,57.0,68.0,2023,53.5,62.5
DC46,3810,Tovarnik,Ž4233,GP,90,66.0,66.0,80.0,80.0,2023,66.0,80.0
DC47,3306,Bročice,D312,Ž3250,80,82.0,80.0,95.0,92.0,2023,81.0,93.5
DC49,3531,Batrina istok,Ž4158,Ž4244,70,68.0,70.0,78.0,82.0,2023,69.0,80.0
DC50,4203,Otočac (Brlog),A1,Ž5140,50,71.0,75.0,82.0,88.0,2023,73.0,85.0
DC50,4205,Ličko Lešće,Ž5144,Ž5147,50,53.0,52.0,62.0,61.0,2023,52.5,61.5
DC50,4225,Gospić - jug,D25,A1,70/50,78.0,80.0,92.0,95.0,2023,79.0,93.5
DC50,4905,Sveti Rok,A1,L59116,50,75.0,76.0,95.0,100.0,2023,75.5,97.5
DC51,3530,Bektež,Ž4117,L41045,50,78.0,72.0,92.0,86.0,2023,75.0,89.0
DC51,3524,Eminovci,L41033,D38,50,55.0,54.0,61.0,60.0,2023,54.5,60.5
DC51,3515,Oblakovac,D38,L41019,50,74.0,79.0,88.0,92.0,2023,76.5,90.0
DC52,4204,Vrhovine,Ž5130,Ž5149,90,73.0,79.0,84.0,90.0,2023,76.0,87.0
DC53,2417,Donji Miholjac,Ž4295,D34,50,54.0,53.0,64.0,63.0,2023,53.5,63.5
DC53,2409,Velimirovac,Ž4075,D2,50,56.0,60.0,67.0,72.0,2023,58.0,69.5
DC53,3603,Gradac Našički,L44094,D51,50,71.0,67.0,84.0,78.0,2023,69.0,81.0
DC53,3607,Rastušje,L42038,D514,50,56.0,59.0,63.0,68.0,2023,57.5,65.5
DC53,3516,Slavonski Brod,D525,D72,60,73.0,77.0,84.0,88.0,2023,75.0,86.0
DC55,3706,Nuštar,Ž4134,Zvonimirova,50,62.0,59.0,71.0,67.0,2023,60.5,69.0
DC55,3740,Vinkovci istočna obilaznica,Zvonimirova,D46,80,89.0,100.0,103.0,116.0,2023,94.5,109.5
DC55,3710,Kunjevci,D46,L46023,60,79.0,82.0,95.0,97.0,2023,80.5,96.0
DC55,3719,Županja,Ž4170,GP,40,51.0,55.0,62.0,65.0,2023,53.0,63.5
DC56,4829,Tromilja,D502,Ž6021,60,76.0,81.0,86.0,92.0,2023,78.5,89.0
DC56,4916,Raštević,L63178,L63203,70,87.0,90.0,103.0,109.0,2023,88.5,106.0
DC56,5329,Bulić,L63151,L63151,50,75.0,75.0,90.0,90.0,2023,75.0,90.0
DC56,5413,Kljake,Ž6097,Ž6099,50,80.0,87.0,95.0,100.0,2023,83.5,97.5
DC58,5326,Bioci,luka,D8,50,63.0,64.0,73.0,75.0,2023,63.5,74.0
DC58,5320,Donje Polje,D8,D531,60,65.0,71.0,77.0,84.0,2023,68.0,80.5
DC58,5406,Seget Donji,Ž6129,D8,50,62.0,63.0,72.0,72.0,2023,62.5,72.0
DC59,5319,Čista Mala - jug,Ž6071,D27,80,89.0,89.0,100.0,103.0,2023,89.0,101.5
DC59,5324,Dubrava kod Tisna,L65031,D8,60,61.0,63.0,73.0,77.0,2023,62.0,75.0
DC60,5510,Cista Velika,L67093,Ž6153,60,81.0,84.0,95.0,97.0,2023,82.5,96.0
DC60,5901,Lovreć,L67101,Ž6173,60,66.0,69.0,77.0,82.0,2023,67.5,79.5
DC60,6001,Grubine,L67159,Ž6186,60,62.0,65.0,71.0,75.0,2023,63.5,73.0
DC60,6012,Vinjani Donji,D76,L67161,50,60.0,63.0,69.0,73.0,2023,61.5,71.0
DC62,6014,Zagvozd,D76,L67143,50,43.0,50.0,50.0,59.0,2023,46.5,54.5
DC64,2820,Pićan,L50086,L50123,50,64.0,68.0,73.0,77.0,2023,66.0,75.0
DC64,2831,Vozilići - sjever,D500,D66,90,82.0,81.0,95.0,92.0,2023,81.5,93.5
DC66,2747,Kujići,L50145,L50182,90,85.0,85.0,97.0,100.0,2023,85.0,98.5
DC66,2815,Stepčići,L50185,D64,60,65.0,68.0,75.0,78.0,2023,66.5,76.5
DC66,2814,Medveja,Ž5082,Ž5050,50,58.0,57.0,67.0,65.0,2023,57.5,66.0
DC66,2813,Opatija - jug,Ž5048,Ž5051,50,48.0,50.0,55.0,57.0,2023,49.0,56.0
DC70,5918,Omiš - sjever,D8,Ž6165,50,48.0,48.0,54.0,55.0,2023,48.0,54.5
DC72,3626,Slavonski Brod 2,D53,D423,50,49.0,51.0,56.0,58.0,2023,50.0,57.0
DC74,1126,Bednja,L25013,L25108,40,57.0,57.0,64.0,67.0,2023,57.0,65.5
DC75,2755,Marija na Krasu,Ž5214,L50005,80,68.0,78.0,78.0,88.0,2023,73.0,83.0
DC75,2708,Dajla,L50040,D301,50,56.0,56.0,64.0,64.0,2023,56.0,64.0
DC75,2765,Vrvari,L50046,D302,70,58.0,63.0,65.0,71.0,2023,60.5,68.0
DC75,2757,Funtana,L50091,Ž5071,60,62.0,58.0,71.0,65.0,2023,60.0,68.0
DC75,2717,Bale,Ž5098,Ž5096,60,66.0,66.0,80.0,82.0,2023,66.0,81.0
DC75,3905,Pula - sjever,Ž5117,L50160,60,65.0,65.0,73.0,75.0,2023,65.0,74.0
DC76,6026,Tunel Sveti Ilija,L67177,A1,100,77.0,82.0,86.0,92.0,2023,79.5,89.0
DC76,6037,Poljica,Ž6178,L67150,60,62.0,63.0,72.0,73.0,2023,62.5,72.5
DC77,2751,Žminj,Ž5077,L50132,60,77.0,78.0,88.0,90.0,2023,77.5,89.0
DC77,3915,Vodnjan,L50144,Ž5101,80,78.0,80.0,88.0,95.0,2023,79.0,91.5
DC100,4006,Cres,D101,Ž5124,40,77.0,76.0,88.0,90.0,2023,76.5,89.0
DC100,4003,Ćunski,L58115,Ž5157,60,64.0,66.0,73.0,77.0,2023,65.0,75.0
DC102,2948,Most Krk,D103,Ž5083,90,71.0,72.0,82.0,82.0,2023,71.5,82.0
DC102,2922,Omišalj,L58065,D129,90,79.0,74.0,90.0,82.0,2023,76.5,86.0
DC102,2934,Krk,Ž5131,Ž5131,80,76.0,80.0,86.0,90.0,2023,78.0,88.0
DC102,2946,Punat sjever,Ž5125,Ž5183,50,64.0,71.0,75.0,84.0,2023,67.5,79.5
DC104,2947,Strilčići,L58070,L58085,60,77.0,79.0,90.0,95.0,2023,78.0,92.5
DC105,4106,Barbat na Rabu,Ž5139,TP,40/60,63.0,59.0,73.0,69.0,2023,61.0,71.0
DC106,4801,Most otok Pag,Ž6005,Ž6007,90,74.0,77.0,84.0,90.0,2023,75.5,87.0
DC106,4822,Vulete,Ž6007,L63027,50,75.0,74.0,88.0,86.0,2023,74.5,87.0
DC113,5907,Supetar - jug,D114,L67172,60,50.0,47.0,56.0,54.0,2023,48.5,55.0
DC116,5927,Dubovica,Ž6280,Ž6252,50,65.0,61.0,73.0,71.0,2023,63.0,72.0
DC116,5917,Jelsa,L67194,L67196,90,67.0,64.0,78.0,75.0,2023,65.5,76.5
DC118,6403,Žrnovo,L69073,L69073,60,75.0,77.0,86.0,90.0,2023,76.0,88.0
DC121,5338,Ivinj,Ž6085,L65032,60,69.0,72.0,78.0,82.0,2023,70.5,80.0
DC126,5443,Trogir,Ž6133,Ž6134,50,47.0,41.0,54.0,50.0,2023,44.0,52.0
DC126,5445,Mastrinka,Ž6134,Ž6136,40,57.0,56.0,65.0,64.0,2023,56.5,64.5
DC200,2701,Plovanija,GP,D510,60,57.0,59.0,63.0,67.0,2023,58.0,65.0
DC200,2707,Sveti Ivan,L50015,Ž5008,50,70.0,72.0,82.0,84.0,2023,71.0,83.0
DC201,2704,Štrped,L50026,D44,50,61.0,62.0,71.0,71.0,2023,61.5,71.0
DC203,2936,Mala Lešnica,L58022,D3,50,57.0,53.0,65.0,62.0,2023,55.0,63.5
DC204,3040,Bosanci,D3,Ž3175,50,77.0,77.0,86.0,86.0,2023,77.0,86.0
DC207,1124,Hromec,GP,Ž2096,50,67.0,67.0,77.0,78.0,2023,67.0,77.5
DC209,1001,Mursko Središće,Ž2003,L20003,50,52.0,46.0,61.0,52.0,2023,49.0,56.5
DC209,1201,Šenkovec,L20079,D227,50,53.0,57.0,61.0,66.0,2023,55.0,63.5
DC212,2502,Suza,Ž4037,L44011,60,74.0,74.0,84.0,86.0,2023,74.0,85.0
DC214,4501,Posavski Podgajci,Ž4230,L46054,90,85.0,90.0,100.0,106.0,2023,87.5,103.0
DC216,3109,Miholjsko,Ž3224,L34144,50,74.0,75.0,86.0,86.0,2023,74.5,86.0
DC217,4301,Ličko Petrovo Selo,D1,GP,60,68.0,66.0,78.0,77.0,2023,67.0,77.5
DC220,5520,Ćaporice,Ž6260,D60,90,89.0,98.0,103.0,112.0,2023,93.5,107.5
DC220,5506,Kamensko,Ž6125,GP,60,80.0,77.0,92.0,88.0,2023,78.5,90.0
DC223,6610,Dubac,Ž6243,D8,50,63.0,63.0,73.0,72.0,2023,63.0,72.5
DC224,3304,Sunja,Ž3244,Ž3211,50,54.0,56.0,62.0,64.0,2023,55.0,63.0
DC227,1243,Brezje,Ž2015,D209,90,76.0,78.0,88.0,88.0,2023,77.0,88.0
DC228,1805,Kamanje,Ž3097,Ž3296,80,62.0,62.0,71.0,71.0,2023,62.0,71.0
DC228,1934,Mahićno,Ž3143,D1,50,60.0,60.0,68.0,68.0,2023,60.0,68.0
DC236,6501,Klek,D8,Ž6279,60,69.0,70.0,82.0,86.0,2023,69.5,84.0
DC237,6503,Zaton Doli,Ž6227,Ž6295,90,82.0,86.0,97.0,100.0,2023,84.0,98.5
DC306,4808,Kožino,L63048,D8,90,69.0,69.0,78.0,78.0,2023,69.0,78.0
DC307,1936,Oroslavje,L22069,L22069,50,50.0,49.0,57.0,56.0,2023,49.5,56.5
DC310,1953,Jastrebarsko,L31139,A1,50/60,72.0,69.0,84.0,82.0,2023,70.5,83.0
DC408,2035,Velika Gorica (smjer DC30) zr.,luka,D30,60,67.0,70.0,80.0,84.0,2023,68.5,82.0
DC408,2035,Velika Gorica (smjer zračna luka) D30,zr.,luka,60,74.0,72.0,88.0,86.0,2023,73.0,87.0
DC409,5444,Divulje,D8,D8,40,50.0,47.0,60.0,58.0,2023,48.5,59.0
DC413,6038,Ploče,D425,Ž6216,50,50.0,53.0,61.0,64.0,2023,51.5,62.5
DC414,6401,Golubinica,Ž69025,D415,90,62.0,70.0,71.0,78.0,2023,66.0,74.5
DC414,6502,Putniković,Ž6226,D8,90,75.0,77.0,86.0,86.0,2023,76.0,86.0
DC415,6404,Kosarni Do,L69026,D414,60,55.0,57.0,62.0,64.0,2023,56.0,63.0
DC420,6609,Sustjepan,D8,luka,60,60.0,58.0,68.0,65.0,2023,59.0,66.5
DC423,3625,Slavonski Brod 1,D514,D72,50,49.0,49.0,54.0,56.0,2023,49.0,55.0
DC424,4820,Gaženica (smjer A1),D8,D422,80,112.0,123.0,129.0,139.0,2023,117.5,134.0
DC424,4820,Gaženica (smjer Zadar),D422,D8,80,107.0,118.0,124.0,133.0,2023,112.5,128.5
DC429,4315,Selište Drežničko,D42,L59024,60,69.0,70.0,78.0,80.0,2023,69.5,79.0
DC429,4311,Jezerce,L59025,D1,70,69.0,68.0,78.0,80.0,2023,68.5,79.0
DC430,2062,Selnica (smjer zračna luka) D30,zr.,luka,70,77.0,84.0,90.0,97.0,2023,80.5,93.5
DC430,2062,Selnica (smjer D30) zr.,luka,D30,70,76.0,78.0,90.0,88.0,2023,77.0,89.0
DC500,2811,Vranja,L50084,L50087,90,76.0,70.0,90.0,86.0,2023,73.0,88.0
DC501,2926,čv. Oštrovica-jug,D3,Ž5059,60,80.0,80.0,88.0,92.0,2023,80.0,90.0
DC501,2918,Križišće,Ž5063,D99,60,68.0,72.0,80.0,84.0,2023,70.0,82.0
DC507,1129,Martinišće,Ž2189,D205,60,82.0,84.0,95.0,97.0,2023,83.0,96.0
DC512,6039,Stupica,Ž6198,Ž6199,40,34.0,36.0,50.0,53.0,2023,35.0,51.5
DC514,3622,Slavonski Brod 3,D53,D423,70,66.0,67.0,77.0,78.0,2023,66.5,77.5
DC515,2418,Našice Obilaznica,D2,Ž4168,90,78.0,86.0,90.0,103.0,2023,82.0,96.5
DC515,3621,Bračevci,L44100,L44101,90,96.0,95.0,113.0,113.0,2023,95.5,113.0
DC517,2403,Belišće-sjever,Ž4033,L44026,90,96.0,100.0,112.0,116.0,2023,98.0,114.0
DC518,2509,Brijest,D2,L44110,40/90,71.0,66.0,80.0,75.0,2023,68.5,77.5
DC518,3741,Jarmina,Ž4134,Ž4149,80,77.0,83.0,90.0,97.0,2023,80.0,93.5
DC522,4918,Lovinac,L59099,Ž5165,90,89.0,102.0,100.0,113.0,2023,95.5,106.5
DC525,3508,Krajačić,Ž4162,Ž4244,90,79.0,81.0,92.0,95.0,2023,80.0,93.5
DC525,3525,Gornji Andrijevci,Ž4244,L42030,50,60.0,62.0,69.0,71.0,2023,61.0,70.0
DC528,1265,Kneginec Donji,D2,Ž2070,80,69.0,76.0,77.0,86.0,2023,72.5,81.5
DC537,3742,Otok,Ž4172,Ž4224,50,50.0,52.0,60.0,63.0,2023,51.0,61.5
DC540,2037,Komin,L31003,D3,50,61.0,58.0,71.0,67.0,2023,59.5,69.0
DC541,3042,Veliki Modruš Potok,D6,Ž3141,90,93.0,95.0,106.0,109.0,2023,94.0,107.5
DC543,1943,Donja Zdenčina,D1,Ž3106,50,55.0,55.0,65.0,64.0,2023,55.0,64.5
DC544,2147,Farkaševac,D12,Ž3042,50,78.0,79.0,90.0,95.0,2023,78.5,92.5
DC548,2146,Bjelovar istočna obilaznica,D43,D28,80,87.0,88.0,103.0,103.0,2023,87.5,103.0
